Package,Status,Rank,Standalone,Internal_Dependent_Count,Internal_Prerequisites,Internal_Nonmanifest_References,External_Manifest_Dependents,External_High_References,External_Review_References
autoware_adapi_visualizers,eligible,1,True,0,,,,,
autoware_bag_time_manager_rviz_plugin,eligible,2,True,0,,,,,
autoware_behavior_velocity_template_module,eligible,3,True,0,,,,,
autoware_bluetooth_monitor,eligible,4,True,0,,,,,
autoware_cluster_merger,eligible,5,True,0,,,,,
autoware_component_monitor,eligible,6,True,0,,,,,
autoware_control_performance_analysis,eligible,7,True,0,,,,,
autoware_goal_distance_calculator,eligible,8,True,0,,,,,
autoware_image_diagnostics,eligible,9,True,0,,,,,
autoware_kinematic_evaluator,eligible,10,True,0,,,,,
autoware_localization_evaluator,eligible,11,True,0,,,,,
autoware_motion_velocity_dynamic_obstacle_stop_module,eligible,12,True,0,,,,,
autoware_motion_velocity_road_user_stop_module,eligible,13,True,0,,,,,
autoware_polar_grid,eligible,14,True,0,,,,,
autoware_pose2twist,eligible,15,True,0,,,,,
autoware_predicted_path_postprocessor,eligible,16,True,0,,,,,
autoware_radar_objects_adapter,eligible,17,True,0,,,,,
autoware_radar_scan_to_pointcloud2,eligible,18,True,0,,,,,
autoware_radar_static_pointcloud_filter,eligible,19,True,0,,,,,
autoware_radar_threshold_filter,eligible,20,True,0,,,,,
autoware_steer_offset_estimator,eligible,21,True,0,,,,,
autoware_time_utils,eligible,22,True,0,,,,,
autoware_traffic_light_recognition_marker_publisher,eligible,23,True,0,,,,,
autoware_trajectory_adapter,eligible,24,True,0,,,,,
autoware_trajectory_gate,eligible,25,True,0,,,,,
tier4_active_generator_rviz_plugin,eligible,26,True,0,,,,,
tier4_adapi_rviz_plugin,eligible,27,True,0,,,,,
tier4_control_mode_rviz_plugin,eligible,28,True,0,,,,,
tier4_datetime_rviz_plugin,eligible,29,True,0,,,,,
tier4_manual_lane_change_rviz_plugin,eligible,30,True,0,,,,,
tier4_perception_rviz_plugin,eligible,31,True,0,,,,,
autoware_diagnostic_graph_test_examples,eligible,32,False,0,autoware_diagnostic_graph_aggregator,,,,
autoware_motion_velocity_boundary_departure_prevention_module,eligible,33,False,0,autoware_deprecated_boundary_departure_checker,,,,
autoware_motion_velocity_obstacle_velocity_limiter_module,eligible,34,False,0,autoware_grid_map_utils,,,,
autoware_tensorrt_bevformer,eligible,35,False,0,autoware_cuda_dependency_meta,,,,
autoware_command_mode_decider_plugins,eligible,36,False,0,autoware_command_mode_decider;autoware_command_mode_types,,,,
autoware_command_mode_switcher_plugins,eligible,37,False,0,autoware_command_mode_switcher;autoware_command_mode_types,,,,
autoware_minimum_rule_based_planner,eligible,38,False,0,autoware_obstacle_proximity_checker;autoware_trajectory_processor,,,,
autoware_tensorrt_vad,eligible,39,False,0,autoware_tensorrt_common;autoware_tensorrt_plugins,,,,
autoware_trajectory_selector,eligible,40,False,0,autoware_trajectory_concatenator;autoware_trajectory_validator,,,,
autoware_calibration_status_classifier,eligible,41,False,0,autoware_cuda_utils;autoware_image_transport_decompressor;autoware_tensorrt_common,,,,
autoware_lidar_frnet,eligible,42,False,0,autoware_cuda_dependency_meta;autoware_cuda_utils;autoware_tensorrt_common,,,,
autoware_behavior_path_external_request_lane_change_module,eligible,43,False,0,autoware_behavior_path_lane_change_module;autoware_behavior_path_planner;autoware_behavior_path_planner_common;autoware_rtc_interface,,,,
autoware_camera_streampetr,eligible,44,False,0,autoware_cuda_dependency_meta;autoware_cuda_utils;autoware_tensorrt_common;perception_utils,,,,
autoware_topic_state_monitor,eligible,45,False,1,,,,,
autoware_trajectory_concatenator,eligible,46,False,1,,,,,
autoware_tensorrt_classifier,eligible,47,False,1,autoware_cuda_dependency_meta;autoware_cuda_utils;autoware_tensorrt_common,,,,
autoware_trajectory_validator,eligible,48,False,1,autoware_boundary_departure_checker;autoware_traffic_light_compliance_checker;autoware_traffic_light_utils,,,,
autoware_landmark_manager,eligible,49,False,2,,,,,
autoware_boundary_departure_checker,eligible,50,False,2,autoware_universe_utils,,,,
autoware_obstacle_proximity_checker,eligible,51,False,3,autoware_universe_utils,,,,
autoware_traffic_light_compliance_checker,eligible,52,False,4,autoware_traffic_light_utils,,,,
autoware_trajectory_follower_base,eligible,53,False,5,,,,,
autoware_planning_validator_test_utils,eligible,54,False,6,,,,,
autoware_behavior_velocity_rtc_interface,eligible,55,False,8,autoware_rtc_interface,,,,
autoware_component_interface_specs_universe,eligible,56,False,9,,,,,
autoware_behavior_path_side_shift_module,eligible,57,False,11,autoware_behavior_path_planner;autoware_behavior_path_planner_common,src/universe/autoware_universe/planning/behavior_path_planner/autoware_behavior_path_planner/design/BehaviorPathPlanner.node.yaml:79,,,
autoware_behavior_path_lane_change_module,eligible,58,False,11,autoware_behavior_path_planner;autoware_behavior_path_planner_common;autoware_frenet_planner;autoware_rtc_interface,src/universe/autoware_universe/planning/behavior_path_planner/autoware_behavior_path_planner/design/BehaviorPathPlanner.node.yaml:63,,,
autoware_behavior_path_start_planner_module,eligible,59,False,11,autoware_behavior_path_planner;autoware_behavior_path_planner_common;autoware_freespace_planning_algorithms;autoware_rtc_interface,src/universe/autoware_universe/planning/behavior_path_planner/autoware_behavior_path_planner/design/BehaviorPathPlanner.node.yaml:67,,,
autoware_behavior_path_avoidance_by_lane_change_module,eligible,60,False,11,autoware_behavior_path_lane_change_module;autoware_behavior_path_planner;autoware_behavior_path_planner_common;autoware_behavior_path_static_obstacle_avoidance_module;autoware_rtc_interface,src/universe/autoware_universe/planning/behavior_path_planner/autoware_behavior_path_planner/design/BehaviorPathPlanner.node.yaml:71,,,
autoware_behavior_path_sampling_planner_module,eligible,61,False,11,autoware_behavior_path_planner;autoware_behavior_path_planner_common;autoware_bezier_sampler;autoware_frenet_planner;autoware_path_sampler,src/universe/autoware_universe/planning/behavior_path_planner/autoware_behavior_path_planner/design/BehaviorPathPlanner.node.yaml:77,,,
autoware_pcl_extensions,eligible,62,False,13,,,,,
autoware_bezier_sampler,eligible,63,False,13,autoware_sampler_common,,,,
autoware_frenet_planner,eligible,64,False,13,autoware_sampler_common,,,,
autoware_freespace_planning_algorithms,eligible,65,False,14,,,,,
autoware_sampler_common,eligible,66,False,15,,,,,
autoware_deprecated_boundary_departure_checker,eligible,67,False,16,,,,,
autoware_fake_test_node,eligible,68,False,20,,,,,
autoware_rtc_interface,eligible,69,False,22,,,,,
autoware_cuda_dependency_meta,eligible,70,False,29,,,,,
autoware_accel_brake_map_calibrator,review,,False,0,autoware_raw_vehicle_cmd_converter,,,,src/core/autoware_msgs/autoware_vehicle_msgs/CHANGELOG.rst:28;src/core/autoware_msgs/autoware_vehicle_msgs/README.md:42;src/tools/control_data_collecting_tool/README.md:136
autoware_behavior_velocity_no_drivable_lane_module,review,,False,0,,,,,src/core/autoware_lanelet2_extension/autoware_lanelet2_extension/docs/lanelet2_format_extension.md:286
autoware_behavior_velocity_speed_bump_module,review,,False,0,,,,,src/core/autoware_core/planning/behavior_velocity_planner/autoware_behavior_velocity_planner/README.md:21
autoware_command_mode_types,review,,False,5,,,,,src/launcher/autoware_launch/autoware_launch/config/system/command_mode/decider.param.yaml:20;src/launcher/autoware_launch/autoware_universe_launch/autoware_control_config/config/control_command_gate/control_command_gate.param.yaml:16
autoware_joy_controller,review,,False,0,tier4_api_utils,,,,src/core/autoware_simple_planning_simulator/autoware_simple_planning_simulator/CHANGELOG.rst:302;src/core/autoware_simple_planning_simulator/autoware_simple_planning_simulator/CHANGELOG.rst:843;src/launcher/autoware_launch/autoware_universe_launch/autoware_sensing_launch/CHANGELOG.rst:136
autoware_path_distance_calculator,review,,False,0,,,,,src/launcher/autoware_launch/tier4_universe_launch/tier4_autoware_api_launch/CHANGELOG.rst:133
autoware_radar_fusion_to_detected_object,review,,False,0,,,,,src/launcher/autoware_launch/autoware_universe_launch/autoware_perception_launch/CHANGELOG.rst:920
autoware_radar_object_tracker,review,,False,0,,,,,src/launcher/autoware_launch/autoware_universe_launch/autoware_perception_launch/CHANGELOG.rst:918
autoware_topic_relay_controller,review,,False,0,,,,,src/core/autoware_core/common/autoware_agnocast_wrapper/README.md:257;src/core/autoware_core/common/autoware_agnocast_wrapper/include/autoware/agnocast_wrapper/generic_publisher.hpp:65;src/core/autoware_core/common/autoware_agnocast_wrapper/include/autoware/agnocast_wrapper/generic_subscription.hpp:32;src/core/autoware_core/common/autoware_agnocast_wrapper/include/autoware/agnocast_wrapper/generic_subscription.hpp:87
autoware_traffic_light_rviz_plugin,review,,False,0,,,,,src/core/autoware_rviz_plugins/autoware_perception_rviz_plugin/CHANGELOG.rst:79
autoware_trajectory_ranker,review,,False,0,,,,,src/tools/planning/autoware_planning_data_analyzer/src/metrics/trajectory_metrics.cpp:154;src/tools/planning/autoware_planning_data_analyzer/src/metrics/trajectory_metrics.cpp:177;src/tools/planning/autoware_planning_data_analyzer/src/metrics/trajectory_metrics.cpp:216;src/tools/planning/autoware_planning_data_analyzer/src/metrics/trajectory_metrics.cpp:486
perception_utils,review,,False,9,,,,,src/launcher/autoware_launch/autoware_universe_launch/autoware_perception_launch/CHANGELOG.rst:561;src/launcher/autoware_launch/autoware_universe_launch/autoware_perception_launch/CHANGELOG.rst:1805;src/launcher/autoware_launch/autoware_universe_launch/autoware_perception_launch/CHANGELOG.rst:1806;src/launcher/autoware_launch/autoware_universe_launch/autoware_perception_launch/CHANGELOG.rst:1810;src/launcher/autoware_launch/autoware_universe_launch/autoware_perception_launch/CHANGELOG.rst:1814;src/launcher/autoware_launch/tier4_universe_launch/tier4_system_launch/CHANGELOG.rst:702;src/launcher/autoware_launch/tier4_universe_launch/tier4_system_launch/CHANGELOG.rst:710;src/launcher/autoware_launch/tier4_universe_launch/tier4_system_launch/CHANGELOG.rst:711
tier4_api_utils,review,,False,6,,,,,src/core/autoware_simple_planning_simulator/autoware_simple_planning_simulator/CHANGELOG.rst:39;src/core/autoware_simple_planning_simulator/autoware_simple_planning_simulator/CHANGELOG.rst:40;src/core/autoware_simple_planning_simulator/autoware_simple_planning_simulator/CHANGELOG.rst:41;src/core/autoware_simple_planning_simulator/autoware_simple_planning_simulator/CHANGELOG.rst:837
tier4_dummy_object_rviz_plugin,review,,False,0,,,,,src/core/autoware_simple_planning_simulator/autoware_dummy_perception_publisher/CHANGELOG.rst:393
tier4_state_rviz_plugin,review,,False,0,,,,,src/core/autoware_simple_planning_simulator/autoware_dummy_perception_publisher/CHANGELOG.rst:798;src/tools/common/autoware_trajectory_kinematics_rviz_plugin/src/material_colors.hpp:15
tier4_traffic_light_rviz_plugin,review,,False,0,,,,,src/core/autoware_simple_planning_simulator/autoware_simple_planning_simulator/CHANGELOG.rst:566
tier4_vehicle_rviz_plugin,review,,False,0,,,,,src/launcher/autoware_launch/autoware_universe_launch/autoware_planning_launch/CHANGELOG.rst:2019
autoware_ar_tag_based_localizer,blocked_external,,False,0,autoware_landmark_manager,,tier4_localization_launch,src/launcher/autoware_launch/.github/sync-params.yaml:256;src/launcher/autoware_launch/tier4_universe_launch/tier4_localization_launch/launch/pose_twist_estimator/ar_tag_based_localizer.launch.xml:6,src/core/autoware_lanelet2_extension/autoware_lanelet2_extension/docs/lanelet2_format_extension.md:371;src/launcher/autoware_launch/autoware_launch/config/localization/ar_tag_based_localizer.param.yaml:12
autoware_automatic_pose_initializer,blocked_external,,False,0,,,tier4_localization_launch,src/launcher/autoware_launch/tier4_universe_launch/tier4_localization_launch/launch/pose_twist_estimator/pose_twist_estimator.launch.xml:142,
autoware_autonomous_emergency_braking,blocked_external,,False,0,,,autoware_control_launch,src/launcher/autoware_launch/.github/sync-params.yaml:394;src/launcher/autoware_launch/.github/sync-params.yaml:396;src/launcher/autoware_launch/autoware_sample_designs/design/parameter_set/universe_control.parameter_set.yaml:44;src/launcher/autoware_launch/autoware_universe_launch/autoware_control_launch/launch/control.launch.xml:48;src/launcher/autoware_launch/autoware_universe_launch/autoware_control_launch/launch/control_checker/control_checker.launch.xml:23;src/launcher/autoware_launch/autoware_universe_launch/autoware_control_launch/launch/control_checker/control_checker.launch.xml:51,src/launcher/autoware_launch/autoware_universe_launch/autoware_control_config/README.md:17;src/launcher/autoware_launch/autoware_universe_launch/autoware_control_config/config/autoware_autonomous_emergency_braking/autonomous_emergency_braking.param.yaml:12
autoware_behavior_path_bidirectional_traffic_module,blocked_external,,False,11,autoware_behavior_path_planner;autoware_behavior_path_planner_common,src/universe/autoware_universe/planning/behavior_path_planner/autoware_behavior_path_planner/design/BehaviorPathPlanner.node.yaml:73,,src/launcher/autoware_launch/autoware_sample_designs/design/parameter_set/universe_planning.parameter_set.yaml:40;src/launcher/autoware_launch/autoware_sample_designs/design/wrapper/Tier4PlanningWrapper.node.yaml:182;src/launcher/autoware_launch/autoware_universe_launch/autoware_planning_launch/launch/planning.launch.xml:62,src/launcher/autoware_launch/autoware_universe_launch/autoware_planning_launch/CHANGELOG.rst:356
autoware_behavior_path_direction_change_module,blocked_external,,False,0,autoware_behavior_path_planner;autoware_behavior_path_planner_common,,,src/launcher/autoware_launch/autoware_universe_launch/autoware_planning_launch/launch/planning.launch.xml:63,
autoware_behavior_path_dynamic_obstacle_avoidance_module,blocked_external,,False,11,autoware_behavior_path_planner;autoware_behavior_path_planner_common,src/universe/autoware_universe/planning/behavior_path_planner/autoware_behavior_path_planner/design/BehaviorPathPlanner.node.yaml:75,,src/launcher/autoware_launch/autoware_sample_designs/design/parameter_set/universe_planning.parameter_set.yaml:41;src/launcher/autoware_launch/autoware_sample_designs/design/wrapper/Tier4PlanningWrapper.node.yaml:174;src/launcher/autoware_launch/autoware_universe_launch/autoware_planning_launch/launch/planning.launch.xml:55,src/launcher/autoware_launch/autoware_universe_launch/autoware_planning_launch/CHANGELOG.rst:722
autoware_behavior_path_goal_planner_module,blocked_external,,False,11,autoware_behavior_path_planner;autoware_behavior_path_planner_common;autoware_bezier_sampler;autoware_freespace_planning_algorithms;autoware_rtc_interface,src/universe/autoware_universe/planning/behavior_path_planner/autoware_behavior_path_planner/design/BehaviorPathPlanner.node.yaml:65,autoware_static_centerline_generator,,src/core/autoware_core/planning/autoware_path_generator/CHANGELOG.rst:456;src/core/autoware_core/planning/autoware_planning_test_manager/CHANGELOG.rst:115;src/core/autoware_core/testing/autoware_test_utils/CHANGELOG.rst:192
autoware_behavior_path_planner,blocked_external,,False,11,autoware_behavior_path_avoidance_by_lane_change_module;autoware_behavior_path_bidirectional_traffic_module;autoware_behavior_path_dynamic_obstacle_avoidance_module;autoware_behavior_path_goal_planner_module;autoware_behavior_path_lane_change_module;autoware_behavior_path_planner_common;autoware_behavior_path_sampling_planner_module;autoware_behavior_path_side_shift_module;autoware_behavior_path_start_planner_module;autoware_behavior_path_static_obstacle_avoidance_module;autoware_freespace_planning_algorithms;autoware_frenet_planner;autoware_path_sampler,src/universe/autoware_universe/planning/behavior_path_planner/autoware_behavior_path_sampling_planner_module/CMakeLists.txt:6,autoware_planning_launch;autoware_static_centerline_generator,src/launcher/autoware_launch/autoware_universe_launch/autoware_planning_launch/launch/scenario_planning/lane_driving/behavior_planning/behavior_planning.launch.xml:242;src/launcher/autoware_launch/autoware_universe_launch/autoware_planning_launch/launch/scenario_planning/lane_driving/behavior_planning/behavior_planning_deprecated.launch.xml:230;src/tools/planning/autoware_static_centerline_generator/test/utils/test_static_centerline_generator_launch_base.py:98,src/launcher/autoware_launch/autoware_launch/CHANGELOG.rst:1958
autoware_behavior_path_planner_common,blocked_external,,False,12,autoware_deprecated_boundary_departure_checker;autoware_freespace_planning_algorithms;autoware_lane_departure_checker;autoware_rtc_interface;autoware_traffic_light_utils,,autoware_static_centerline_generator;driving_environment_analyzer,,src/core/autoware_core/planning/autoware_path_generator/README.md:49;src/tools/driving_environment_analyzer/CHANGELOG.rst:72
autoware_behavior_path_static_obstacle_avoidance_module,blocked_external,,False,11,autoware_behavior_path_planner;autoware_behavior_path_planner_common;autoware_rtc_interface,src/universe/autoware_universe/planning/behavior_path_planner/autoware_behavior_path_planner/design/BehaviorPathPlanner.node.yaml:69,,src/launcher/autoware_launch/autoware_sample_designs/design/parameter_set/universe_planning.parameter_set.yaml:38;src/launcher/autoware_launch/autoware_sample_designs/design/wrapper/Tier4PlanningWrapper.node.yaml:168;src/launcher/autoware_launch/autoware_universe_launch/autoware_planning_launch/launch/planning.launch.xml:51,src/launcher/autoware_launch/autoware_launch/CHANGELOG.rst:1020;src/launcher/autoware_launch/autoware_universe_launch/autoware_planning_launch/CHANGELOG.rst:721
autoware_behavior_velocity_blind_spot_module,blocked_external,,False,0,autoware_behavior_velocity_rtc_interface,,,src/core/autoware_core/planning/behavior_velocity_planner/autoware_behavior_velocity_planner/design/BehaviorVelocityPlanner.node.yaml:85,src/core/autoware_core/planning/behavior_velocity_planner/autoware_behavior_velocity_planner/README.md:10
autoware_behavior_velocity_crosswalk_module,blocked_external,,False,1,autoware_behavior_velocity_rtc_interface;autoware_grid_map_utils,,,src/core/autoware_core/planning/behavior_velocity_planner/autoware_behavior_velocity_planner/design/BehaviorVelocityPlanner.node.yaml:75,src/core/autoware_core/planning/behavior_velocity_planner/autoware_behavior_velocity_planner/README.md:11
autoware_behavior_velocity_detection_area_module,blocked_external,,False,0,autoware_behavior_velocity_rtc_interface,,,src/core/autoware_core/planning/behavior_velocity_planner/autoware_behavior_velocity_planner/design/BehaviorVelocityPlanner.node.yaml:87,src/core/autoware_core/planning/behavior_velocity_planner/autoware_behavior_velocity_planner/README.md:13
autoware_behavior_velocity_intersection_module,blocked_external,,False,1,autoware_behavior_velocity_rtc_interface;autoware_rtc_interface,,,src/core/autoware_core/planning/behavior_velocity_planner/autoware_behavior_velocity_planner/design/BehaviorVelocityPlanner.node.yaml:81,src/core/autoware_core/planning/behavior_velocity_planner/autoware_behavior_velocity_planner/README.md:14;src/core/autoware_core/planning/behavior_velocity_planner/autoware_behavior_velocity_planner/README.md:15
autoware_behavior_velocity_no_stopping_area_module,blocked_external,,False,0,autoware_behavior_velocity_rtc_interface,,,src/core/autoware_core/planning/behavior_velocity_planner/autoware_behavior_velocity_planner/design/BehaviorVelocityPlanner.node.yaml:89,src/core/autoware_core/planning/behavior_velocity_planner/autoware_behavior_velocity_planner/README.md:20
autoware_behavior_velocity_occlusion_spot_module,blocked_external,,False,0,autoware_grid_map_utils,,,src/core/autoware_core/planning/behavior_velocity_planner/autoware_behavior_velocity_planner/design/BehaviorVelocityPlanner.node.yaml:95,src/core/autoware_core/planning/behavior_velocity_planner/autoware_behavior_velocity_planner/README.md:19
autoware_behavior_velocity_roundabout_module,blocked_external,,False,0,autoware_behavior_velocity_intersection_module;autoware_behavior_velocity_rtc_interface;autoware_rtc_interface,,,src/core/autoware_core/planning/behavior_velocity_planner/autoware_behavior_velocity_planner/design/BehaviorVelocityPlanner.node.yaml:83,src/launcher/autoware_launch/autoware_universe_launch/autoware_planning_launch/CHANGELOG.rst:101
autoware_behavior_velocity_traffic_light_module,blocked_external,,False,0,autoware_behavior_velocity_rtc_interface;autoware_traffic_light_utils,,,src/core/autoware_core/planning/behavior_velocity_planner/autoware_behavior_velocity_planner/design/BehaviorVelocityPlanner.node.yaml:79,src/core/autoware_core/planning/behavior_velocity_planner/autoware_behavior_velocity_planner/README.md:18;src/launcher/autoware_launch/autoware_launch/CHANGELOG.rst:484;src/launcher/autoware_launch/autoware_launch/CHANGELOG.rst:1002;src/launcher/autoware_launch/autoware_launch/CHANGELOG.rst:1420
autoware_behavior_velocity_virtual_traffic_light_module,blocked_external,,False,0,,,,src/core/autoware_core/planning/behavior_velocity_planner/autoware_behavior_velocity_planner/design/BehaviorVelocityPlanner.node.yaml:93,src/core/autoware_core/planning/behavior_velocity_planner/autoware_behavior_velocity_planner/README.md:17
autoware_behavior_velocity_walkway_module,blocked_external,,False,0,autoware_behavior_velocity_crosswalk_module,,,src/core/autoware_core/planning/behavior_velocity_planner/autoware_behavior_velocity_planner/design/BehaviorVelocityPlanner.node.yaml:77,src/core/autoware_core/planning/behavior_velocity_planner/autoware_behavior_velocity_planner/README.md:12;src/launcher/autoware_launch/autoware_universe_launch/autoware_planning_launch/CHANGELOG.rst:673
autoware_bevfusion,blocked_external,,False,0,autoware_cuda_dependency_meta;autoware_cuda_utils;autoware_tensorrt_common;autoware_tensorrt_plugins;perception_utils,,autoware_perception_launch,src/launcher/autoware_launch/.github/sync-params.yaml:50;src/launcher/autoware_launch/.github/sync-params.yaml:53;src/launcher/autoware_launch/.github/sync-params.yaml:56;src/launcher/autoware_launch/autoware_universe_launch/autoware_perception_launch/launch/object_recognition/detection/detector/lidar_dnn_detector.launch.xml:59,src/launcher/autoware_launch/autoware_launch/CHANGELOG.rst:119;src/launcher/autoware_launch/autoware_launch/CHANGELOG.rst:417;src/launcher/autoware_launch/autoware_launch/CHANGELOG.rst:418;src/launcher/autoware_launch/autoware_launch/CHANGELOG.rst:1181;src/launcher/autoware_launch/autoware_universe_launch/autoware_perception_config/config/object_recognition/detection/lidar_model/bevfusion_camera_lidar.param.yaml:12;src/launcher/autoware_launch/autoware_universe_launch/autoware_perception_config/config/object_recognition/detection/lidar_model/bevfusion_common.param.yaml:12;src/launcher/autoware_launch/autoware_universe_launch/autoware_perception_config/config/object_recognition/detection/lidar_model/bevfusion_lidar.param.yaml:12
autoware_bytetrack,blocked_external,,False,0,autoware_cuda_dependency_meta;autoware_cuda_utils;autoware_tensorrt_common,,autoware_perception_launch,src/launcher/autoware_launch/autoware_universe_launch/autoware_perception_launch/launch/object_recognition/detection/detector/camera_2d_detector.launch.xml:41;src/launcher/autoware_launch/autoware_universe_launch/autoware_perception_launch/launch/object_recognition/detection/detector/camera_2d_detector.launch.xml:64;src/launcher/autoware_launch/autoware_universe_launch/autoware_perception_launch/launch/object_recognition/detection/detector/camera_2d_detector.launch.xml:87;src/launcher/autoware_launch/autoware_universe_launch/autoware_perception_launch/launch/object_recognition/detection/detector/camera_2d_detector.launch.xml:110;src/launcher/autoware_launch/autoware_universe_launch/autoware_perception_launch/launch/object_recognition/detection/detector/camera_2d_detector.launch.xml:133;src/launcher/autoware_launch/autoware_universe_launch/autoware_perception_launch/launch/object_recognition/detection/detector/camera_2d_detector.launch.xml:156;src/launcher/autoware_launch/autoware_universe_launch/autoware_perception_launch/launch/object_recognition/detection/detector/camera_2d_detector.launch.xml:179;src/launcher/autoware_launch/autoware_universe_launch/autoware_perception_launch/launch/object_recognition/detection/detector/camera_2d_detector.launch.xml:202;src/launcher/autoware_launch/autoware_universe_launch/autoware_perception_launch/launch/object_recognition/detection/detector/camera_2d_detector.launch.xml:225;src/launcher/autoware_launch/autoware_universe_launch/autoware_perception_launch/launch/object_recognition/detection/detector/camera_2d_detector.launch.xml:248,
autoware_carla_interface,blocked_external,,False,0,autoware_external_cmd_selector;autoware_raw_vehicle_cmd_converter;autoware_shift_decider;autoware_trajectory_follower_node;autoware_vehicle_cmd_gate,,autoware_launch,docker/examples/demos/carla/docker-compose.yaml:73;docker/examples/demos/carla/docker-compose.yaml:117;src/launcher/autoware_launch/autoware_launch/launch/e2e_simulator.launch.xml:10;src/launcher/autoware_launch/autoware_launch/launch/e2e_simulator.launch.xml:48,docker/examples/demos/carla/README.md:6;docker/examples/demos/carla/README.md:7;docker/examples/demos/carla/README.md:20;docker/examples/demos/carla/README.md:99;docker/examples/demos/carla/README.md:109;docker/examples/demos/carla/README.md:120;docker/examples/demos/carla/README.md:133;docker/examples/demos/carla/README.md:165;src/launcher/autoware_launch/autoware_launch/CHANGELOG.rst:1952;src/launcher/autoware_launch/sensor_kit/carla_sensor_kit_launch/carla_sensor_kit_launch/launch/imu.launch.xml:3;src/launcher/autoware_launch/sensor_kit/carla_sensor_kit_launch/carla_sensor_kit_launch/launch/sensing.launch.xml:8;src/launcher/autoware_launch/sensor_kit/carla_sensor_kit_launch/carla_sensor_kit_launch/launch/sensing.launch.xml:14;src/launcher/autoware_launch/sensor_kit/carla_sensor_kit_launch/carla_sensor_kit_launch/launch/sensing.launch.xml:17;src/launcher/autoware_launch/sensor_kit/carla_sensor_kit_launch/carla_sensor_kit_launch/launch/sensing.launch.xml:22
autoware_collision_detector,blocked_external,,False,0,,,autoware_control_launch,src/launcher/autoware_launch/.github/sync-params.yaml:397;src/launcher/autoware_launch/.github/sync-params.yaml:399;src/launcher/autoware_launch/autoware_sample_designs/design/parameter_set/universe_control.parameter_set.yaml:48;src/launcher/autoware_launch/autoware_universe_launch/autoware_control_launch/launch/control.launch.xml:49;src/launcher/autoware_launch/autoware_universe_launch/autoware_control_launch/launch/control_checker/control_checker.launch.xml:24;src/launcher/autoware_launch/autoware_universe_launch/autoware_control_launch/launch/control_checker/control_checker.launch.xml:65,src/launcher/autoware_launch/autoware_universe_launch/autoware_control_config/README.md:18;src/launcher/autoware_launch/autoware_universe_launch/autoware_control_config/config/autoware_collision_detector/collision_detector.param.yaml:12
autoware_command_mode_decider,blocked_external,,False,1,autoware_command_mode_types,,tier4_system_launch,src/launcher/autoware_launch/.github/sync-params.yaml:449;src/launcher/autoware_launch/tier4_universe_launch/tier4_system_launch/launch/system.launch.xml:36;src/launcher/autoware_launch/tier4_universe_launch/tier4_system_launch/launch/system.launch.xml:61,src/launcher/autoware_launch/autoware_launch/config/system/command_mode/decider.param.yaml:12
autoware_command_mode_switcher,blocked_external,,False,1,autoware_command_mode_types,,tier4_system_launch,src/launcher/autoware_launch/.github/sync-params.yaml:452;src/launcher/autoware_launch/tier4_universe_launch/tier4_system_launch/launch/system.launch.xml:35;src/launcher/autoware_launch/tier4_universe_launch/tier4_system_launch/launch/system.launch.xml:56,src/launcher/autoware_launch/autoware_launch/config/system/command_mode/switcher.param.yaml:12
autoware_compare_map_segmentation,blocked_external,,False,0,autoware_pointcloud_preprocessor,,autoware_perception_launch,src/launcher/autoware_launch/.github/sync-params.yaml:87;src/launcher/autoware_launch/autoware_universe_launch/autoware_perception_launch/launch/object_recognition/detection/filter/pointcloud_map_filter.launch.xml:27,src/core/autoware_core/map/autoware_map_loader/README.md:28;src/launcher/autoware_launch/autoware_universe_launch/autoware_perception_config/config/object_recognition/detection/pointcloud_filter/voxel_based_compare_map_filter.param.yaml:12
autoware_component_state_monitor,blocked_external,,False,0,autoware_topic_state_monitor,,tier4_system_launch,src/launcher/autoware_launch/tier4_universe_launch/tier4_system_launch/launch/system.launch.xml:107,
autoware_control_command_gate,blocked_external,,False,0,autoware_command_mode_types;autoware_component_interface_specs_universe;autoware_vehicle_cmd_gate,,autoware_control_launch,src/launcher/autoware_launch/.github/sync-params.yaml:400;src/launcher/autoware_launch/autoware_universe_launch/autoware_control_launch/launch/command_gate/command_gate.launch.xml:33,src/core/autoware_utils/autoware_utils_diagnostics/CHANGELOG.rst:45;src/core/autoware_utils/autoware_utils_diagnostics/CHANGELOG.rst:46;src/launcher/autoware_launch/autoware_universe_launch/autoware_control_config/config/control_command_gate/control_command_gate.param.yaml:12
autoware_control_evaluator,blocked_external,,False,0,autoware_deprecated_boundary_departure_checker,,autoware_control_launch,src/launcher/autoware_launch/autoware_universe_launch/autoware_control_launch/launch/control.launch.xml:146,src/launcher/autoware_launch/autoware_universe_launch/autoware_control_launch/CHANGELOG.rst:183
autoware_control_validator,blocked_external,,False,0,,,autoware_control_launch,src/launcher/autoware_launch/.github/sync-params.yaml:403;src/launcher/autoware_launch/autoware_universe_launch/autoware_control_launch/launch/control_checker/control_checker.launch.xml:36,src/launcher/autoware_launch/autoware_universe_launch/autoware_control_config/config/control_validator/control_validator.param.yaml:12
autoware_costmap_generator,blocked_external,,False,0,autoware_grid_map_utils,,autoware_planning_launch,src/launcher/autoware_launch/.github/sync-params.yaml:383;src/launcher/autoware_launch/autoware_universe_launch/autoware_planning_launch/launch/scenario_planning/parking.launch.xml:10,src/launcher/autoware_launch/autoware_universe_launch/autoware_planning_config/config/scenario_planning/common/costmap_generator.param.yaml:12
autoware_crosswalk_traffic_light_estimator,blocked_external,,False,0,,,autoware_perception_launch,src/launcher/autoware_launch/.github/sync-params.yaml:149;src/launcher/autoware_launch/autoware_universe_launch/autoware_perception_launch/launch/traffic_light_recognition/traffic_light_fusion.launch.xml:39,src/launcher/autoware_launch/autoware_universe_launch/autoware_perception_config/config/traffic_light_recognition/crosswalk_traffic_light_estimator/crosswalk_traffic_light_estimator.param.yaml:12
autoware_cuda_pointcloud_preprocessor,blocked_external,,False,1,autoware_cuda_dependency_meta;autoware_cuda_utils;autoware_pointcloud_preprocessor,,autoware_perception_launch;autoware_sensing_launch,src/launcher/autoware_launch/autoware_universe_launch/autoware_perception_launch/launch/common/pointcloud_downsample.launch.xml:27;src/launcher/autoware_launch/autoware_universe_launch/autoware_sensing_launch/launch/pointcloud_concatenation_cuda.launch.xml:13;src/launcher/autoware_launch/autoware_universe_launch/autoware_sensing_launch/launch/pointcloud_preprocessor_cuda.launch.xml:16,
autoware_cuda_utils,blocked_external,,False,25,autoware_cuda_dependency_meta,,trt_batched_nms,,
autoware_default_adapi_universe,blocked_external,,False,0,autoware_component_interface_specs_universe,,autoware_sample_designs;tier4_autoware_api_launch,src/launcher/autoware_launch/autoware_sample_designs/design/wrapper/SampleSensorKitADAPIWrapper.node.yaml:138;src/launcher/autoware_launch/autoware_sample_designs/launch/sample_system_adapi_wrapper.launch.xml:4;src/launcher/autoware_launch/autoware_sample_designs/launch/sample_system_adapi_wrapper.launch.xml:15;src/launcher/autoware_launch/tier4_universe_launch/tier4_autoware_api_launch/launch/autoware_api.launch.xml:10;src/launcher/autoware_launch/tier4_universe_launch/tier4_autoware_api_launch/launch/autoware_api.launch.xml:14,src/core/autoware_core/localization/autoware_pose_initializer/README.md:56;src/core/autoware_core/localization/autoware_pose_initializer/README.md:58;src/core/autoware_simple_planning_simulator/autoware_simple_planning_simulator/CHANGELOG.rst:47
autoware_detected_object_feature_remover,blocked_external,,False,0,,,autoware_perception_launch,src/launcher/autoware_launch/autoware_universe_launch/autoware_perception_launch/launch/object_recognition/detection/detector/camera_lidar_detector.launch.xml:237;src/launcher/autoware_launch/autoware_universe_launch/autoware_perception_launch/launch/object_recognition/detection/detector/camera_lidar_irregular_object_detector.launch.xml:32;src/launcher/autoware_launch/autoware_universe_launch/autoware_perception_launch/launch/object_recognition/detection/detector/lidar_dnn_detector.launch.xml:140;src/launcher/autoware_launch/autoware_universe_launch/autoware_perception_launch/launch/object_recognition/detection/detector/lidar_rule_detector.launch.xml:36,
autoware_detected_object_validation,blocked_external,,False,1,autoware_probabilistic_occupancy_grid_map,,autoware_perception_launch,src/launcher/autoware_launch/.github/sync-params.yaml:21;src/launcher/autoware_launch/.github/sync-params.yaml:24;src/launcher/autoware_launch/.github/sync-params.yaml:71;src/launcher/autoware_launch/.github/sync-params.yaml:75;src/launcher/autoware_launch/.github/sync-params.yaml:105;src/launcher/autoware_launch/autoware_universe_launch/autoware_perception_launch/launch/object_recognition/detection/filter/object_filter.launch.xml:19;src/launcher/autoware_launch/autoware_universe_launch/autoware_perception_launch/launch/object_recognition/detection/filter/object_filter.launch.xml:26;src/launcher/autoware_launch/autoware_universe_launch/autoware_perception_launch/launch/object_recognition/detection/filter/object_validator.launch.xml:16;src/launcher/autoware_launch/autoware_universe_launch/autoware_perception_launch/launch/object_recognition/detection/filter/object_validator.launch.xml:24;src/launcher/autoware_launch/autoware_universe_launch/autoware_perception_launch/launch/object_recognition/detection/filter/radar_filter.launch.xml:20;src/launcher/autoware_launch/autoware_universe_launch/autoware_perception_launch/launch/object_recognition/object_recognition_camera_lidar_radar_serial.launch.xml:404,src/launcher/autoware_launch/autoware_launch/CHANGELOG.rst:1067;src/launcher/autoware_launch/autoware_launch/CHANGELOG.rst:1445;src/launcher/autoware_launch/autoware_universe_launch/autoware_perception_config/config/object_recognition/detection/detected_object_validation/obstacle_pointcloud_based_validator.param.yaml:12;src/launcher/autoware_launch/autoware_universe_launch/autoware_perception_config/config/object_recognition/detection/detected_object_validation/occupancy_grid_based_validator.param.yaml:12;src/launcher/autoware_launch/autoware_universe_launch/autoware_perception_config/config/object_recognition/detection/object_filter/object_lanelet_filter.param.yaml:12;src/launcher/autoware_launch/autoware_universe_launch/autoware_perception_config/config/object_recognition/detection/object_filter/object_position_filter.param.yaml:12;src/launcher/autoware_launch/autoware_universe_launch/autoware_perception_config/config/object_recognition/detection/object_filter/radar_lanelet_filter.param.yaml:12;src/launcher/autoware_launch/autoware_universe_launch/autoware_perception_config/config/object_recognition/tracking/radar_object_tracker/tracked_object_lanelet_filter.param.yaml:12;src/launcher/autoware_launch/autoware_universe_launch/autoware_perception_launch/CHANGELOG.rst:858
autoware_detection_by_tracker,blocked_external,,False,0,autoware_euclidean_cluster;autoware_shape_estimation,,autoware_perception_launch,src/launcher/autoware_launch/.github/sync-params.yaml:27;src/launcher/autoware_launch/autoware_universe_launch/autoware_perception_launch/launch/object_recognition/detection/detector/tracker_based_detector.launch.xml:14,src/launcher/autoware_launch/autoware_universe_launch/autoware_perception_config/config/object_recognition/detection/detection_by_tracker/detection_by_tracker.param.yaml:12
autoware_diagnostic_graph_aggregator,blocked_external,,False,1,,,autoware_launch;tier4_system_launch,src/launcher/autoware_launch/.github/sync-params.yaml:446;src/launcher/autoware_launch/autoware_launch/launch/components/tier4_system_component.launch.xml:5;src/launcher/autoware_launch/autoware_sample_designs/design/wrapper/Tier4SystemWrapper.node.yaml:114;src/launcher/autoware_launch/tier4_universe_launch/tier4_system_launch/launch/system.launch.xml:34;src/launcher/autoware_launch/tier4_universe_launch/tier4_system_launch/launch/system.launch.xml:129,src/launcher/autoware_launch/autoware_launch/config/system/command_mode/converter.param.yaml:12;src/launcher/autoware_launch/tier4_universe_launch/tier4_system_launch/CHANGELOG.rst:37
autoware_diagnostic_graph_utils,blocked_external,,False,1,,,autoware_launch,src/launcher/autoware_launch/autoware_launch/launch/components/tier4_system_component.launch.xml:50,
autoware_diffusion_planner,blocked_external,,False,0,autoware_cuda_dependency_meta;autoware_cuda_utils;autoware_tensorrt_common;autoware_tensorrt_plugins;autoware_traffic_light_utils,,autoware_planning_launch,src/launcher/autoware_launch/.github/sync-params.yaml:354;src/launcher/autoware_launch/autoware_universe_launch/autoware_planning_launch/launch/learning_based_planning/diffusion_planner.launch.xml:37,src/launcher/autoware_launch/autoware_launch/CHANGELOG.rst:318;src/launcher/autoware_launch/autoware_universe_launch/autoware_planning_config/config/neural_net_planner/diffusion_planner.param.yaml:12;src/launcher/autoware_launch/autoware_universe_launch/autoware_planning_launch/CHANGELOG.rst:47
autoware_dummy_diag_publisher,blocked_external,,False,0,,,tier4_system_launch,src/launcher/autoware_launch/tier4_universe_launch/tier4_system_launch/launch/system.launch.xml:156,
autoware_dummy_infrastructure,blocked_external,,False,0,,,autoware_launch,src/launcher/autoware_launch/autoware_launch/launch/components/tier4_simulator_component.launch.xml:33,
autoware_dummy_traffic_light_publisher,blocked_external,,False,0,,,autoware_launch,src/launcher/autoware_launch/autoware_launch/launch/planning_simulator/perception_simulation.launch.xml:64,src/launcher/autoware_launch/autoware_launch/CHANGELOG.rst:188;src/launcher/autoware_launch/tier4_universe_launch/tier4_simulator_launch/CHANGELOG.rst:10
autoware_duplicated_node_checker,blocked_external,,False,0,,,tier4_system_launch,src/launcher/autoware_launch/.github/sync-params.yaml:494;src/launcher/autoware_launch/tier4_universe_launch/tier4_system_launch/launch/system.launch.xml:86,src/launcher/autoware_launch/autoware_launch/config/system/duplicated_node_checker/duplicated_node_checker.param.yaml:12
autoware_elevation_map_loader,blocked_external,,False,0,autoware_grid_map_utils,,autoware_launch;autoware_perception_launch,src/launcher/autoware_launch/.github/sync-params.yaml:121;src/launcher/autoware_launch/autoware_launch/launch/planning_simulator/perception_simulation.launch.xml:137;src/launcher/autoware_launch/autoware_launch/launch/planning_simulator/perception_simulation.launch.xml:145,src/launcher/autoware_launch/autoware_universe_launch/autoware_perception_config/config/obstacle_segmentation/ground_segmentation/elevation_map_parameters.yaml:12;src/launcher/autoware_launch/autoware_universe_launch/autoware_perception_launch/CHANGELOG.rst:798;src/launcher/autoware_launch/autoware_universe_launch/autoware_perception_launch/CHANGELOG.rst:799;src/launcher/autoware_launch/tier4_universe_launch/tier4_simulator_launch/CHANGELOG.rst:397;src/launcher/autoware_launch/tier4_universe_launch/tier4_simulator_launch/CHANGELOG.rst:398
autoware_euclidean_cluster,blocked_external,,False,2,autoware_pointcloud_preprocessor;autoware_shape_estimation,,autoware_perception_launch,src/launcher/autoware_launch/.github/sync-params.yaml:18;src/launcher/autoware_launch/autoware_universe_launch/autoware_perception_launch/launch/object_recognition/detection/detector/camera_lidar_detector.launch.xml:176;src/launcher/autoware_launch/autoware_universe_launch/autoware_perception_launch/launch/object_recognition/detection/detector/lidar_rule_detector.launch.xml:24;src/launcher/autoware_launch/autoware_universe_launch/autoware_perception_launch/launch/object_recognition/detection/detector/lidar_semantic_segmentation_detector.launch.xml:14,src/core/autoware_core/perception/autoware_euclidean_cluster_object_detector/CHANGELOG.rst:149;src/core/autoware_core/perception/autoware_euclidean_cluster_object_detector/CHANGELOG.rst:204;src/launcher/autoware_launch/autoware_launch/CHANGELOG.rst:1072;src/launcher/autoware_launch/autoware_launch/CHANGELOG.rst:1073;src/launcher/autoware_launch/autoware_universe_launch/autoware_perception_config/config/object_recognition/detection/clustering/euclidean_cluster.param.yaml:12
autoware_evaluation_adapter,blocked_external,,False,0,,,tier4_autoware_api_launch,src/launcher/autoware_launch/tier4_universe_launch/tier4_autoware_api_launch/launch/autoware_api.launch.xml:26,
autoware_external_cmd_converter,blocked_external,,False,0,autoware_raw_vehicle_cmd_converter,,autoware_control_launch,src/launcher/autoware_launch/autoware_universe_launch/autoware_control_launch/launch/external_command/external_command.launch.xml:23,
autoware_external_cmd_selector,blocked_external,,False,1,,,autoware_control_launch;autoware_planning_launch,src/launcher/autoware_launch/.github/sync-params.yaml:406;src/launcher/autoware_launch/autoware_universe_launch/autoware_control_launch/launch/external_command/external_command.launch.xml:15,src/launcher/autoware_launch/autoware_universe_launch/autoware_control_config/config/external_cmd_selector/external_cmd_selector.param.yaml:12
autoware_external_velocity_limit_selector,blocked_external,,False,0,,,autoware_planning_launch,src/launcher/autoware_launch/autoware_universe_launch/autoware_planning_launch/launch/scenario_planning/scenario_planning.launch.xml:26,src/launcher/autoware_launch/autoware_universe_launch/autoware_planning_launch/CHANGELOG.rst:690;src/launcher/autoware_launch/autoware_universe_launch/autoware_planning_launch/CHANGELOG.rst:691
autoware_fault_injection,blocked_external,,False,0,,,tier4_simulator_launch,src/launcher/autoware_launch/.github/sync-params.yaml:516;src/launcher/autoware_launch/tier4_universe_launch/tier4_simulator_launch/launch/simulator.launch.xml:32,src/launcher/autoware_launch/autoware_launch/config/simulator/fault_injection.param.yaml:12;src/launcher/autoware_launch/tier4_universe_launch/tier4_simulator_launch/CHANGELOG.rst:219;src/launcher/autoware_launch/tier4_universe_launch/tier4_simulator_launch/CHANGELOG.rst:271
autoware_freespace_planner,blocked_external,,False,0,autoware_freespace_planning_algorithms,,autoware_planning_launch,src/launcher/autoware_launch/.github/sync-params.yaml:361;src/launcher/autoware_launch/autoware_universe_launch/autoware_planning_launch/launch/scenario_planning/parking.launch.xml:24,src/launcher/autoware_launch/autoware_universe_launch/autoware_planning_config/config/scenario_planning/parking/freespace_planner/freespace_planner.param.yaml:12
autoware_geo_pose_projector,blocked_external,,False,0,autoware_component_interface_specs_universe,,tier4_localization_launch,src/launcher/autoware_launch/tier4_universe_launch/tier4_localization_launch/launch/pose_twist_estimator/eagleye/eagleye_rt.launch.xml:152,
autoware_glog_component,blocked_external,,False,0,,,,src/core/autoware_system_designer/autoware_system_designer/autoware_system_designer/runtime/_impl/ros2/builder.py:70;src/core/autoware_system_designer/autoware_system_designer/autoware_system_designer/runtime/_impl/ros2/builder.py:74;src/core/autoware_system_designer/autoware_system_designer/autoware_system_designer/runtime/_impl/ros2/launchers/composable.py:48;src/launcher/autoware_launch/autoware_sample_designs/design/ros_system/AutowareGlogComponent.node.yaml:6,src/launcher/autoware_launch/autoware_launch/CHANGELOG.rst:1554;src/launcher/autoware_launch/autoware_launch/CHANGELOG.rst:1555;src/launcher/autoware_launch/autoware_universe_launch/autoware_sensor_driver_launch/CHANGELOG.rst:99;src/launcher/autoware_launch/autoware_universe_launch/autoware_sensor_driver_launch/CHANGELOG.rst:100
autoware_grid_map_utils,blocked_external,,False,6,,,,.idea/workspace.xml:91,
autoware_ground_segmentation,blocked_external,,False,0,autoware_pointcloud_preprocessor,,autoware_perception_launch,src/launcher/autoware_launch/autoware_universe_launch/autoware_perception_launch/launch/object_recognition/detection/detector/irregular_object_detector.launch.xml:36;src/launcher/autoware_launch/autoware_universe_launch/autoware_perception_launch/launch/obstacle_segmentation/ground_segmentation_additional_lidars.launch.xml:34;src/launcher/autoware_launch/autoware_universe_launch/autoware_perception_launch/launch/obstacle_segmentation/ground_segmentation_ransac.launch.xml:14;src/launcher/autoware_launch/autoware_universe_launch/autoware_perception_launch/launch/obstacle_segmentation/ground_segmentation_ransac.launch.xml:46;src/launcher/autoware_launch/autoware_universe_launch/autoware_perception_launch/launch/obstacle_segmentation/ground_segmentation_rule_based.launch.xml:32,src/core/autoware_core/perception/autoware_ground_filter/CHANGELOG.rst:124;src/core/autoware_core/perception/autoware_ground_filter/docs/ground-filter.md:5
autoware_ground_segmentation_cuda,blocked_external,,False,0,autoware_cuda_dependency_meta;autoware_cuda_pointcloud_preprocessor;autoware_cuda_utils;autoware_pointcloud_preprocessor,,autoware_perception_launch,src/launcher/autoware_launch/autoware_universe_launch/autoware_perception_launch/launch/obstacle_segmentation/ground_segmentation_rule_based_cuda.launch.xml:10;src/launcher/autoware_launch/autoware_universe_launch/autoware_perception_launch/launch/obstacle_segmentation/ground_segmentation_rule_based_cuda.launch.xml:13,
autoware_hazard_lights_selector,blocked_external,,False,0,,,autoware_planning_launch,src/launcher/autoware_launch/.github/sync-params.yaml:365;src/launcher/autoware_launch/.github/sync-params.yaml:367;src/launcher/autoware_launch/autoware_sample_designs/design/parameter_set/universe_planning.parameter_set.yaml:20;src/launcher/autoware_launch/autoware_sample_designs/design/wrapper/Tier4PlanningWrapper.node.yaml:188;src/launcher/autoware_launch/autoware_universe_launch/autoware_planning_launch/launch/planning.launch.xml:69;src/launcher/autoware_launch/autoware_universe_launch/autoware_planning_launch/launch/scenario_planning/scenario_planning.launch.xml:57,src/launcher/autoware_launch/autoware_universe_launch/autoware_planning_config/config/scenario_planning/common/autoware_hazard_lights_selector/hazard_lights_selector.param.yaml:12
autoware_hazard_status_converter,blocked_external,,False,0,autoware_diagnostic_graph_utils,,tier4_system_launch,src/launcher/autoware_launch/tier4_universe_launch/tier4_system_launch/launch/system.launch.xml:143,
autoware_image_object_locator,blocked_external,,False,0,,,autoware_perception_launch,src/launcher/autoware_launch/.github/scripts/sync_params.py:45;src/launcher/autoware_launch/.github/sync-params.yaml:13;src/launcher/autoware_launch/autoware_universe_launch/autoware_perception_launch/launch/object_recognition/detection/detector/camera_vru_detector.launch.xml:42,src/launcher/autoware_launch/autoware_universe_launch/autoware_perception_config/config/object_recognition/detection/camera_vru_detection/near_range_camera_vru_detector.param.yaml:12
autoware_image_projection_based_fusion,blocked_external,,False,0,autoware_cuda_dependency_meta;autoware_euclidean_cluster;autoware_lidar_centerpoint;autoware_pointcloud_preprocessor;perception_utils,,autoware_perception_launch,src/launcher/autoware_launch/.github/sync-params.yaml:30;src/launcher/autoware_launch/.github/sync-params.yaml:33;src/launcher/autoware_launch/.github/sync-params.yaml:36;src/launcher/autoware_launch/.github/sync-params.yaml:39;src/launcher/autoware_launch/.github/sync-params.yaml:42;src/launcher/autoware_launch/.github/sync-params.yaml:62;src/launcher/autoware_launch/autoware_universe_launch/autoware_perception_launch/launch/object_recognition/detection/detector/camera_lidar_detector.launch.xml:117;src/launcher/autoware_launch/autoware_universe_launch/autoware_perception_launch/launch/object_recognition/detection/detector/camera_lidar_detector.launch.xml:162;src/launcher/autoware_launch/autoware_universe_launch/autoware_perception_launch/launch/object_recognition/detection/detector/camera_lidar_detector.launch.xml:191;src/launcher/autoware_launch/autoware_universe_launch/autoware_perception_launch/launch/object_recognition/detection/detector/irregular_object_detector.launch.xml:48;src/launcher/autoware_launch/autoware_universe_launch/autoware_perception_launch/launch/object_recognition/detection/merger/camera_lidar_merger.launch.xml:104,src/launcher/autoware_launch/autoware_universe_launch/autoware_perception_config/config/object_recognition/detection/image_projection_based_fusion/fusion_common.param.yaml:12;src/launcher/autoware_launch/autoware_universe_launch/autoware_perception_config/config/object_recognition/detection/image_projection_based_fusion/pointpainting_common.param.yaml:12;src/launcher/autoware_launch/autoware_universe_launch/autoware_perception_config/config/object_recognition/detection/image_projection_based_fusion/roi_cluster_fusion.param.yaml:12;src/launcher/autoware_launch/autoware_universe_launch/autoware_perception_config/config/object_recognition/detection/image_projection_based_fusion/roi_detected_object_fusion.param.yaml:12;src/launcher/autoware_launch/autoware_universe_launch/autoware_perception_config/config/object_recognition/detection/image_projection_based_fusion/roi_pointcloud_fusion.param.yaml:12;src/launcher/autoware_launch/autoware_universe_launch/autoware_perception_config/config/object_recognition/detection/irregular_object_detection/roi_pointcloud_fusion.param.yaml:12;src/launcher/autoware_launch/autoware_universe_launch/autoware_perception_config/config/object_recognition/detection/lidar_model/pointpainting.param.yaml:12;src/launcher/autoware_launch/autoware_universe_launch/autoware_perception_launch/CHANGELOG.rst:821
autoware_image_transport_decompressor,blocked_external,,False,3,,,autoware_perception_launch,src/launcher/autoware_launch/autoware_universe_launch/autoware_perception_launch/launch/traffic_light_recognition/traffic_light_detector_fine.launch.xml:107;src/launcher/autoware_launch/autoware_universe_launch/autoware_perception_launch/launch/traffic_light_recognition/traffic_light_detector_rough.launch.xml:92;src/launcher/autoware_launch/autoware_universe_launch/autoware_perception_launch/launch/traffic_light_recognition/traffic_light_detector_whole_image.launch.xml:126,
autoware_imu_corrector,blocked_external,,False,0,,,autoware_sensing_launch;awsim_labs_sensor_kit_launch;awsim_sensor_kit_launch;carla_sensor_kit_launch;deviation_evaluator;sample_sensor_kit_launch,src/launcher/autoware_launch/autoware_universe_launch/autoware_sensing_launch/launch/imu_corrector.launch.xml:7;src/launcher/autoware_launch/autoware_universe_launch/autoware_sensing_launch/launch/imu_corrector.launch.xml:8;src/launcher/autoware_launch/autoware_universe_launch/autoware_sensing_launch/launch/imu_corrector.launch.xml:9;src/launcher/autoware_launch/autoware_universe_launch/autoware_sensing_launch/launch/imu_corrector.launch.xml:11;src/launcher/autoware_launch/autoware_universe_launch/autoware_sensing_launch/launch/imu_corrector.launch.xml:18;src/launcher/autoware_launch/sensor_kit/awsim_labs_sensor_kit_launch/awsim_labs_sensor_kit_launch/launch/imu.launch.xml:4;src/launcher/autoware_launch/sensor_kit/awsim_labs_sensor_kit_launch/awsim_labs_sensor_kit_launch/launch/imu.launch.xml:10;src/launcher/autoware_launch/sensor_kit/awsim_sensor_kit_launch/awsim_sensor_kit_launch/launch/imu.launch.xml:4;src/launcher/autoware_launch/sensor_kit/awsim_sensor_kit_launch/awsim_sensor_kit_launch/launch/imu.launch.xml:10;src/launcher/autoware_launch/sensor_kit/carla_sensor_kit_launch/carla_sensor_kit_launch/launch/imu.launch.xml:8;src/launcher/autoware_launch/sensor_kit/carla_sensor_kit_launch/carla_sensor_kit_launch/launch/imu.launch.xml:14;src/launcher/autoware_launch/sensor_kit/sample_sensor_kit_launch/sample_sensor_kit_launch/launch/imu.launch.xml:18;src/launcher/autoware_launch/sensor_kit/sample_sensor_kit_launch/sample_sensor_kit_launch/launch/imu.launch.xml:24;src/tools/localization/deviation_estimation_tools/deviation_evaluator/launch/deviation_evaluator.launch.xml:54,src/launcher/autoware_launch/autoware_universe_launch/autoware_sensing_launch/README.md:20;src/launcher/autoware_launch/sensor_kit/awsim_labs_sensor_kit_launch/awsim_labs_sensor_kit_launch/CHANGELOG.rst:116;src/launcher/autoware_launch/sensor_kit/awsim_sensor_kit_launch/awsim_sensor_kit_launch/CHANGELOG.rst:127;src/launcher/autoware_launch/sensor_kit/awsim_sensor_kit_launch/awsim_sensor_kit_launch/CHANGELOG.rst:128;src/launcher/autoware_launch/sensor_kit/sample_sensor_kit_launch/sample_sensor_kit_launch/CHANGELOG.rst:115;src/tools/localization/deviation_estimation_tools/deviation_evaluator/CHANGELOG.rst:48
autoware_lane_departure_checker,blocked_external,,False,13,autoware_deprecated_boundary_departure_checker,src/universe/autoware_universe/planning/behavior_path_planner/autoware_behavior_path_planner_common/include/autoware/behavior_path_planner_common/utils/parking_departure/geometric_parallel_parking.hpp:78;src/universe/autoware_universe/planning/behavior_path_planner/autoware_behavior_path_planner_common/include/autoware/behavior_path_planner_common/utils/parking_departure/geometric_parallel_parking.hpp:123,autoware_control_launch;driving_environment_analyzer,src/launcher/autoware_launch/.github/sync-params.yaml:409;src/launcher/autoware_launch/autoware_universe_launch/autoware_control_launch/launch/trajectory_follower/trajectory_follower.launch.xml:68,src/launcher/autoware_launch/autoware_universe_launch/autoware_control_config/config/lane_departure_checker/lane_departure_checker.param.yaml:12
autoware_lidar_apollo_instance_segmentation,blocked_external,,False,0,autoware_cuda_dependency_meta;autoware_cuda_utils;autoware_tensorrt_common,,autoware_perception_launch,src/launcher/autoware_launch/autoware_universe_launch/autoware_perception_launch/launch/object_recognition/detection/detector/lidar_dnn_detector.launch.xml:123,
autoware_lidar_centerpoint,blocked_external,,False,1,autoware_cuda_dependency_meta;autoware_cuda_utils;autoware_tensorrt_common;perception_utils,,autoware_perception_launch,src/launcher/autoware_launch/.github/sync-params.yaml:59;src/launcher/autoware_launch/autoware_sample_designs/design/parameter_set/e2e_simulation_perception.parameter_set.yaml:7;src/launcher/autoware_launch/autoware_sample_designs/design/parameter_set/sample_system_perception.parameter_set.yaml:7;src/launcher/autoware_launch/autoware_universe_launch/autoware_perception_launch/launch/object_recognition/detection/detector/lidar_dnn_detector.launch.xml:18;src/launcher/autoware_launch/autoware_universe_launch/autoware_perception_launch/launch/object_recognition/detection/detector/lidar_dnn_detector.launch.xml:39;src/launcher/autoware_launch/autoware_universe_launch/autoware_perception_launch/launch/object_recognition/detection/detector/lidar_dnn_detector.launch.xml:106,src/launcher/autoware_launch/autoware_launch/CHANGELOG.rst:952;src/launcher/autoware_launch/autoware_universe_launch/autoware_perception_config/config/object_recognition/detection/lidar_model/centerpoint_common.param.yaml:12;src/launcher/autoware_launch/autoware_universe_launch/autoware_perception_launch/CHANGELOG.rst:357;src/launcher/autoware_launch/autoware_universe_launch/autoware_perception_launch/CHANGELOG.rst:358
autoware_lidar_marker_localizer,blocked_external,,False,0,autoware_landmark_manager;autoware_pointcloud_preprocessor,,tier4_localization_launch,src/launcher/autoware_launch/.github/sync-params.yaml:223;src/launcher/autoware_launch/tier4_universe_launch/tier4_localization_launch/launch/pose_twist_estimator/lidar_marker_localizer.launch.xml:40,src/core/autoware_lanelet2_extension/autoware_lanelet2_extension/docs/lanelet2_format_extension.md:372;src/launcher/autoware_launch/autoware_launch/config/localization/lidar_marker_localizer/lidar_marker_localizer.param.yaml:12
autoware_lidar_transfusion,blocked_external,,False,0,autoware_cuda_dependency_meta;autoware_tensorrt_common;perception_utils,,autoware_perception_launch,src/launcher/autoware_launch/.github/sync-params.yaml:65;src/launcher/autoware_launch/.github/sync-params.yaml:68;src/launcher/autoware_launch/autoware_universe_launch/autoware_perception_launch/launch/object_recognition/detection/detector/lidar_dnn_detector.launch.xml:80,src/launcher/autoware_launch/autoware_launch/CHANGELOG.rst:1795;src/launcher/autoware_launch/autoware_universe_launch/autoware_perception_config/config/object_recognition/detection/lidar_model/transfusion.param.yaml:12;src/launcher/autoware_launch/autoware_universe_launch/autoware_perception_config/config/object_recognition/detection/lidar_model/transfusion_common.param.yaml:12;src/launcher/autoware_launch/autoware_universe_launch/autoware_perception_launch/CHANGELOG.rst:751;src/launcher/autoware_launch/autoware_universe_launch/autoware_perception_launch/CHANGELOG.rst:752;src/launcher/autoware_launch/autoware_universe_launch/autoware_perception_launch/CHANGELOG.rst:754
autoware_localization_error_monitor,blocked_external,,False,0,,,tier4_localization_launch,src/launcher/autoware_launch/.github/sync-params.yaml:259;src/launcher/autoware_launch/tier4_universe_launch/tier4_localization_launch/launch/localization_error_monitor/localization_error_monitor.launch.xml:4,src/launcher/autoware_launch/autoware_launch/config/localization/localization_error_monitor.param.yaml:12
autoware_manual_lane_change_handler,blocked_external,,False,0,autoware_mission_planner_universe,,autoware_planning_launch,src/launcher/autoware_launch/autoware_universe_launch/autoware_planning_launch/launch/planning.launch.xml:140,
autoware_map_based_prediction,blocked_external,,False,0,,,autoware_launch;autoware_perception_launch,src/launcher/autoware_launch/.github/sync-params.yaml:93;src/launcher/autoware_launch/autoware_launch/launch/planning_simulator/perception_simulation.launch.xml:106;src/launcher/autoware_launch/autoware_universe_launch/autoware_perception_launch/launch/object_recognition/prediction/prediction.launch.xml:19,src/launcher/autoware_launch/autoware_launch/CHANGELOG.rst:1389;src/launcher/autoware_launch/autoware_launch/CHANGELOG.rst:1865;src/launcher/autoware_launch/autoware_universe_launch/autoware_perception_config/config/object_recognition/prediction/map_based_prediction.param.yaml:12
autoware_map_tf_generator,blocked_external,,False,0,,,autoware_static_centerline_generator;tier4_map_launch,src/launcher/autoware_launch/.github/sync-params.yaml:290;src/launcher/autoware_launch/tier4_universe_launch/tier4_map_launch/launch/map.launch.xml:45;src/tools/planning/autoware_static_centerline_generator/launch/static_centerline_generator.launch.xml:53,src/launcher/autoware_launch/autoware_launch/config/map/map_tf_generator.param.yaml:12
autoware_mission_planner_universe,blocked_external,,False,1,,,autoware_planning_launch;autoware_static_centerline_generator,src/launcher/autoware_launch/.github/sync-params.yaml:326;src/launcher/autoware_launch/autoware_launch/test/autoware_guideline_check.yaml:3;src/launcher/autoware_launch/autoware_universe_launch/autoware_planning_launch/launch/mission_planning/mission_planning.launch.xml:2;src/launcher/autoware_launch/autoware_universe_launch/autoware_planning_launch/launch/mission_planning/mission_planning.launch.xml:4;src/launcher/autoware_launch/autoware_universe_launch/autoware_planning_launch/launch/mission_planning/mission_planning.launch.xml:9;src/tools/planning/autoware_static_centerline_generator/src/static_centerline_generator_node.cpp:688;src/tools/planning/autoware_static_centerline_generator/test/utils/test_static_centerline_generator_launch_base.py:133,src/launcher/autoware_launch/autoware_universe_launch/autoware_planning_config/config/mission_planning/mission_planner/mission_planner.param.yaml:12;src/launcher/autoware_launch/autoware_universe_launch/autoware_planning_launch/CHANGELOG.rst:440;src/tools/planning/autoware_static_centerline_generator/CHANGELOG.rst:155
autoware_motion_velocity_obstacle_cruise_module,blocked_external,,False,0,,,,src/core/autoware_core/planning/motion_velocity_planner/autoware_motion_velocity_planner/design/MotionVelocityPlanner.node.yaml:86,src/core/autoware_core/planning/motion_velocity_planner/autoware_motion_velocity_planner_common/README.md:57
autoware_motion_velocity_obstacle_slow_down_module,blocked_external,,False,0,,,,src/core/autoware_core/planning/motion_velocity_planner/autoware_motion_velocity_planner/design/MotionVelocityPlanner.node.yaml:84,src/launcher/autoware_launch/autoware_launch/CHANGELOG.rst:1382
autoware_motion_velocity_out_of_lane_module,blocked_external,,False,0,autoware_traffic_light_utils,,,src/core/autoware_core/planning/motion_velocity_planner/autoware_motion_velocity_planner/design/MotionVelocityPlanner.node.yaml:90,src/core/autoware_core/planning/motion_velocity_planner/autoware_motion_velocity_planner/README.md:10
autoware_motion_velocity_run_out_module,blocked_external,,False,0,autoware_universe_utils,,,src/core/autoware_core/planning/motion_velocity_planner/autoware_motion_velocity_planner/design/MotionVelocityPlanner.node.yaml:88,
autoware_mpc_lateral_controller,blocked_external,,False,2,autoware_trajectory_follower_base;autoware_trajectory_follower_node,,,src/launcher/autoware_launch/.github/sync-params.yaml:425,src/launcher/autoware_launch/autoware_launch/CHANGELOG.rst:1788;src/launcher/autoware_launch/autoware_universe_launch/autoware_control_config/config/trajectory_follower/lateral/mpc.param.yaml:12
autoware_mrm_comfortable_stop_operator,blocked_external,,False,0,,,tier4_system_launch,src/launcher/autoware_launch/.github/sync-params.yaml:484;src/launcher/autoware_launch/tier4_universe_launch/tier4_system_launch/launch/system.launch.xml:115,src/launcher/autoware_launch/autoware_launch/config/system/mrm_comfortable_stop_operator/mrm_comfortable_stop_operator.param.yaml:12;src/launcher/autoware_launch/tier4_universe_launch/tier4_system_launch/CHANGELOG.rst:151
autoware_mrm_emergency_stop_operator,blocked_external,,False,0,,,tier4_system_launch,src/launcher/autoware_launch/.github/sync-params.yaml:487;src/launcher/autoware_launch/tier4_universe_launch/tier4_system_launch/launch/system.launch.xml:120,src/launcher/autoware_launch/autoware_launch/config/system/mrm_emergency_stop_operator/mrm_emergency_stop_operator.param.yaml:12;src/launcher/autoware_launch/tier4_universe_launch/tier4_system_launch/CHANGELOG.rst:165;src/launcher/autoware_launch/tier4_universe_launch/tier4_system_launch/CHANGELOG.rst:166;src/launcher/autoware_launch/tier4_universe_launch/tier4_system_launch/CHANGELOG.rst:168
autoware_mrm_handler,blocked_external,,False,0,,,tier4_system_launch,src/launcher/autoware_launch/.github/sync-params.yaml:490;src/launcher/autoware_launch/tier4_universe_launch/tier4_system_launch/launch/system.launch.xml:148,src/launcher/autoware_launch/autoware_launch/config/system/mrm_handler/mrm_handler.param.yaml:12;src/launcher/autoware_launch/tier4_universe_launch/tier4_system_launch/CHANGELOG.rst:181;src/launcher/autoware_launch/tier4_universe_launch/tier4_system_launch/CHANGELOG.rst:185
autoware_multi_object_tracker,blocked_external,,False,0,,,autoware_launch;autoware_perception_launch,src/launcher/autoware_launch/.github/sync-params.yaml:96;src/launcher/autoware_launch/.github/sync-params.yaml:99;src/launcher/autoware_launch/.github/sync-params.yaml:102;src/launcher/autoware_launch/autoware_launch/launch/planning_simulator/perception_simulation.launch.xml:94;src/launcher/autoware_launch/autoware_universe_launch/autoware_perception_launch/launch/object_recognition/object_recognition_camera.launch.xml:128;src/launcher/autoware_launch/autoware_universe_launch/autoware_perception_launch/launch/object_recognition/object_recognition_camera_lidar_radar.launch.xml:360;src/launcher/autoware_launch/autoware_universe_launch/autoware_perception_launch/launch/object_recognition/object_recognition_camera_lidar_radar_serial.launch.xml:388;src/launcher/autoware_launch/autoware_universe_launch/autoware_perception_launch/launch/object_recognition/object_recognition_lidar.launch.xml:166;src/launcher/autoware_launch/autoware_universe_launch/autoware_perception_launch/launch/object_recognition/object_recognition_lidar_ptv3.launch.xml:110;src/launcher/autoware_launch/autoware_universe_launch/autoware_perception_launch/launch/object_recognition/object_recognition_lidar_radar.launch.xml:129,src/launcher/autoware_launch/autoware_launch/CHANGELOG.rst:972;src/launcher/autoware_launch/autoware_launch/CHANGELOG.rst:1546;src/launcher/autoware_launch/autoware_launch/CHANGELOG.rst:1861;src/launcher/autoware_launch/autoware_universe_launch/autoware_perception_config/config/object_recognition/tracking/multi_object_tracker/data_association_matrix.param.yaml:12;src/launcher/autoware_launch/autoware_universe_launch/autoware_perception_config/config/object_recognition/tracking/multi_object_tracker/input_channels.param.yaml:12;src/launcher/autoware_launch/autoware_universe_launch/autoware_perception_config/config/object_recognition/tracking/multi_object_tracker/multi_object_tracker_node.param.yaml:12;src/launcher/autoware_launch/autoware_universe_launch/autoware_perception_launch/CHANGELOG.rst:190;src/launcher/autoware_launch/autoware_universe_launch/autoware_perception_launch/CHANGELOG.rst:290;src/launcher/autoware_launch/autoware_universe_launch/autoware_perception_launch/CHANGELOG.rst:904
autoware_object_merger,blocked_external,,False,0,,,autoware_perception_launch,src/core/autoware_system_designer/tools/parameter-set-refiner/inline_autoware_launch_params.py:156;src/launcher/autoware_launch/.github/sync-params.yaml:78;src/launcher/autoware_launch/.github/sync-params.yaml:81;src/launcher/autoware_launch/.github/sync-params.yaml:84;src/launcher/autoware_launch/autoware_universe_launch/autoware_perception_launch/launch/object_recognition/detection/merger/camera_lidar_merger.launch.xml:154;src/launcher/autoware_launch/autoware_universe_launch/autoware_perception_launch/launch/object_recognition/detection/merger/camera_lidar_merger.launch.xml:165;src/launcher/autoware_launch/autoware_universe_launch/autoware_perception_launch/launch/object_recognition/detection/merger/camera_lidar_merger.launch.xml:175,src/launcher/autoware_launch/autoware_universe_launch/autoware_perception_config/config/object_recognition/detection/object_merger/data_association_matrix.param.yaml:12;src/launcher/autoware_launch/autoware_universe_launch/autoware_perception_config/config/object_recognition/detection/object_merger/ml_camera_lidar_object_association_merger.param.yaml:12;src/launcher/autoware_launch/autoware_universe_launch/autoware_perception_config/config/object_recognition/detection/object_merger/overlapped_judge.param.yaml:12;src/launcher/autoware_launch/autoware_universe_launch/autoware_perception_launch/CHANGELOG.rst:308;src/launcher/autoware_launch/autoware_universe_launch/autoware_perception_launch/CHANGELOG.rst:671;src/launcher/autoware_launch/autoware_universe_launch/autoware_perception_launch/CHANGELOG.rst:909
autoware_object_sorter,blocked_external,,False,0,,,autoware_perception_launch,src/launcher/autoware_launch/.github/sync-params.yaml:90;src/launcher/autoware_launch/.github/sync-params.yaml:108;src/launcher/autoware_launch/autoware_universe_launch/autoware_perception_launch/launch/object_recognition/detection/filter/radar_filter.launch.xml:12;src/launcher/autoware_launch/autoware_universe_launch/autoware_perception_launch/launch/object_recognition/object_recognition_camera_lidar_radar_serial.launch.xml:398,src/launcher/autoware_launch/autoware_universe_launch/autoware_perception_config/config/object_recognition/detection/radar_filter/detected_object_sorter.param.yaml:12;src/launcher/autoware_launch/autoware_universe_launch/autoware_perception_config/config/object_recognition/tracking/radar_object_tracker/tracked_object_sorter.param.yaml:12
autoware_obstacle_collision_checker,blocked_external,,False,0,,,,src/launcher/autoware_launch/.github/sync-params.yaml:412;src/launcher/autoware_launch/autoware_universe_launch/autoware_control_launch/launch/control_checker/control_checker.launch.xml:77,src/launcher/autoware_launch/autoware_universe_launch/autoware_control_config/config/obstacle_collision_checker/obstacle_collision_checker.param.yaml:12
autoware_occupancy_grid_map_outlier_filter,blocked_external,,False,0,autoware_pointcloud_preprocessor,,autoware_perception_launch,src/launcher/autoware_launch/.github/sync-params.yaml:128,src/core/autoware_core/common/autoware_agnocast_wrapper/README.md:700;src/launcher/autoware_launch/autoware_universe_launch/autoware_perception_config/config/obstacle_segmentation/occupancy_grid_based_outlier_filter/occupancy_grid_map_outlier_filter.param.yaml:12
autoware_operation_mode_transition_manager,blocked_external,,False,0,autoware_component_interface_specs_universe,,,src/launcher/autoware_launch/.github/sync-params.yaml:415;src/launcher/autoware_launch/autoware_sample_designs/design/system/AutowareSample.system.yaml:138;src/launcher/autoware_launch/autoware_universe_launch/autoware_control_launch/design/module/CommandGate.module.yaml:11;src/launcher/autoware_launch/autoware_universe_launch/autoware_control_launch/design/module/CommandGate.module.yaml:119;src/launcher/autoware_launch/autoware_universe_launch/autoware_control_launch/design/module/CommandGate.module.yaml:121;src/launcher/autoware_launch/autoware_universe_launch/autoware_control_launch/design/module/CommandGate.module.yaml:123;src/launcher/autoware_launch/autoware_universe_launch/autoware_control_launch/design/module/CommandGate.module.yaml:125;src/launcher/autoware_launch/autoware_universe_launch/autoware_control_launch/design/module/CommandGate.module.yaml:127;src/launcher/autoware_launch/autoware_universe_launch/autoware_control_launch/design/module/CommandGate.module.yaml:129;src/launcher/autoware_launch/autoware_universe_launch/autoware_control_launch/design/module/CommandGate.module.yaml:131;src/launcher/autoware_launch/autoware_universe_launch/autoware_control_launch/design/module/CommandGate.module.yaml:133;src/launcher/autoware_launch/autoware_universe_launch/autoware_control_launch/design/module/CommandGate.module.yaml:135;src/launcher/autoware_launch/autoware_universe_launch/autoware_control_launch/design/module/CommandGate.module.yaml:137;src/launcher/autoware_launch/autoware_universe_launch/autoware_control_launch/design/module/CommandGate.module.yaml:139;src/launcher/autoware_launch/autoware_universe_launch/autoware_control_launch/design/module/CommandGate.module.yaml:183;src/launcher/autoware_launch/autoware_universe_launch/autoware_control_launch/launch/command_gate/command_gate.launch.xml:105;src/launcher/autoware_launch/autoware_universe_launch/autoware_control_launch/launch/command_gate/command_gate.launch.xml:107,src/launcher/autoware_launch/autoware_universe_launch/autoware_control_config/config/operation_mode_transition_manager/operation_mode_transition_manager.param.yaml:12
autoware_path_optimizer,blocked_external,,False,2,autoware_fake_test_node,,autoware_planning_launch;autoware_static_centerline_generator,src/launcher/autoware_launch/autoware_sample_designs/design/parameter_set/universe_planning.parameter_set.yaml:69;src/launcher/autoware_launch/autoware_sample_designs/design/wrapper/Tier4PlanningWrapper.node.yaml:226;src/launcher/autoware_launch/autoware_universe_launch/autoware_planning_launch/launch/planning.launch.xml:91;src/launcher/autoware_launch/autoware_universe_launch/autoware_planning_launch/launch/scenario_planning/lane_driving/motion_planning/motion_planning.launch.xml:116;src/tools/planning/autoware_static_centerline_generator/launch/static_centerline_generator.launch.xml:43;src/tools/planning/autoware_static_centerline_generator/test/utils/test_static_centerline_generator_launch_base.py:126,src/core/autoware_core/common/autoware_interpolation/CHANGELOG.rst:9;src/core/autoware_core/common/autoware_interpolation/CHANGELOG.rst:129;src/core/autoware_core/common/autoware_motion_utils/CHANGELOG.rst:7;src/core/autoware_core/common/autoware_motion_utils/CHANGELOG.rst:133;src/launcher/autoware_launch/autoware_launch/CHANGELOG.rst:467;src/launcher/autoware_launch/autoware_universe_launch/autoware_planning_config/config/neural_net_planner/trajectory_optimizer_plugins/trajectory_mpt_optimizer.param.yaml:31;src/launcher/autoware_launch/autoware_universe_launch/autoware_planning_config/config/scenario_planning/lane_driving/behavior_planning/behavior_path_planner/autoware_behavior_path_static_obstacle_avoidance_module/static_obstacle_avoidance.param.yaml:357;src/launcher/autoware_launch/autoware_universe_launch/autoware_planning_launch/CHANGELOG.rst:663;src/launcher/autoware_launch/autoware_universe_launch/autoware_planning_launch/CHANGELOG.rst:709;src/launcher/autoware_launch/autoware_universe_launch/autoware_planning_launch/CHANGELOG.rst:710;src/tools/planning/autoware_static_centerline_generator/README.md:8;src/tools/planning/autoware_static_centerline_generator/src/centerline_source/optimization_trajectory_based_centerline.cpp:205
autoware_path_sampler,blocked_external,,False,12,autoware_bezier_sampler;autoware_fake_test_node;autoware_frenet_planner,,autoware_planning_launch,src/launcher/autoware_launch/autoware_universe_launch/autoware_planning_launch/launch/scenario_planning/lane_driving/motion_planning/motion_planning.launch.xml:134,
autoware_path_smoother,blocked_external,,False,2,autoware_fake_test_node,,autoware_planning_launch;autoware_static_centerline_generator,src/launcher/autoware_launch/autoware_universe_launch/autoware_planning_launch/launch/scenario_planning/lane_driving/motion_planning/motion_planning.launch.xml:83;src/tools/planning/autoware_static_centerline_generator/test/utils/test_static_centerline_generator_launch_base.py:119,src/tools/planning/autoware_static_centerline_generator/src/centerline_source/optimization_trajectory_based_centerline.cpp:198
autoware_perception_online_evaluator,blocked_external,,False,0,,,autoware_launch,src/launcher/autoware_launch/autoware_launch/launch/components/component_perception.launch.xml:179;src/launcher/autoware_launch/autoware_launch/launch/components/component_perception.launch.xml:184;src/launcher/autoware_launch/autoware_launch/launch/planning_simulator/perception_simulation.launch.xml:118;src/launcher/autoware_launch/autoware_launch/launch/planning_simulator/perception_simulation.launch.xml:123,src/launcher/autoware_launch/autoware_universe_launch/autoware_perception_launch/CHANGELOG.rst:264;src/launcher/autoware_launch/tier4_universe_launch/tier4_simulator_launch/CHANGELOG.rst:107
autoware_pid_longitudinal_controller,blocked_external,,False,3,autoware_trajectory_follower_base,,,src/launcher/autoware_launch/.github/sync-params.yaml:431,src/launcher/autoware_launch/autoware_universe_launch/autoware_control_config/config/trajectory_follower/longitudinal/pid.param.yaml:12
autoware_pipeline_latency_monitor,blocked_external,,False,0,autoware_planning_validator,,tier4_system_launch,src/launcher/autoware_launch/.github/sync-params.yaml:497;src/launcher/autoware_launch/tier4_universe_launch/tier4_system_launch/launch/system.launch.xml:100,src/launcher/autoware_launch/autoware_launch/CHANGELOG.rst:825;src/launcher/autoware_launch/autoware_launch/config/system/pipeline_latency_monitor/pipeline_latency_monitor.param.yaml:12;src/launcher/autoware_launch/tier4_universe_launch/tier4_system_launch/CHANGELOG.rst:51;src/launcher/autoware_launch/tier4_universe_launch/tier4_system_launch/CHANGELOG.rst:58
autoware_planning_evaluator,blocked_external,,False,0,,,autoware_planning_launch,src/launcher/autoware_launch/autoware_universe_launch/autoware_planning_launch/launch/planning.launch.xml:226,
autoware_planning_validator,blocked_external,,False,5,autoware_planning_validator_intersection_collision_checker;autoware_planning_validator_latency_checker;autoware_planning_validator_rear_collision_checker;autoware_planning_validator_test_utils;autoware_planning_validator_trajectory_checker,,autoware_planning_launch,src/launcher/autoware_launch/.github/sync-params.yaml:380;src/launcher/autoware_launch/autoware_launch/config/system/pipeline_latency_monitor/pipeline_latency_monitor.param.yaml:54;src/launcher/autoware_launch/autoware_universe_launch/autoware_planning_launch/launch/planning.launch.xml:192,src/core/autoware_core/planning/autoware_planning_test_manager/README.md:75;src/launcher/autoware_launch/autoware_universe_launch/autoware_planning_config/config/scenario_planning/common/planning_validator/planning_validator.param.yaml:12;src/launcher/autoware_launch/autoware_universe_launch/autoware_planning_launch/CHANGELOG.rst:256;src/launcher/autoware_launch/autoware_universe_launch/autoware_planning_launch/CHANGELOG.rst:258;src/launcher/autoware_launch/autoware_universe_launch/autoware_planning_launch/CHANGELOG.rst:268;src/launcher/autoware_launch/autoware_universe_launch/autoware_planning_launch/CHANGELOG.rst:270;src/launcher/autoware_launch/autoware_universe_launch/autoware_planning_launch/CHANGELOG.rst:272;src/launcher/autoware_launch/autoware_universe_launch/autoware_planning_launch/CHANGELOG.rst:319;src/launcher/autoware_launch/autoware_universe_launch/autoware_planning_launch/CHANGELOG.rst:321;src/launcher/autoware_launch/autoware_universe_launch/autoware_planning_launch/CHANGELOG.rst:331;src/launcher/autoware_launch/autoware_universe_launch/autoware_planning_launch/CHANGELOG.rst:333;src/launcher/autoware_launch/autoware_universe_launch/autoware_planning_launch/CHANGELOG.rst:335
autoware_planning_validator_intersection_collision_checker,blocked_external,,False,5,autoware_planning_validator;autoware_traffic_light_utils,src/universe/autoware_universe/planning/planning_validator/autoware_planning_validator/design/PlanningValidator.node.yaml:48,,src/launcher/autoware_launch/.github/sync-params.yaml:368,src/launcher/autoware_launch/autoware_universe_launch/autoware_planning_config/config/scenario_planning/common/planning_validator/intersection_collision_checker.param.yaml:12
autoware_planning_validator_latency_checker,blocked_external,,False,5,autoware_planning_validator,src/universe/autoware_universe/planning/planning_validator/autoware_planning_validator/design/PlanningValidator.node.yaml:44,,src/launcher/autoware_launch/.github/sync-params.yaml:371,src/launcher/autoware_launch/autoware_universe_launch/autoware_planning_config/config/scenario_planning/common/planning_validator/latency_checker.param.yaml:12
autoware_planning_validator_rear_collision_checker,blocked_external,,False,5,autoware_planning_validator,src/universe/autoware_universe/planning/planning_validator/autoware_planning_validator/design/PlanningValidator.node.yaml:50,,src/launcher/autoware_launch/.github/sync-params.yaml:374,src/launcher/autoware_launch/autoware_universe_launch/autoware_planning_config/config/scenario_planning/common/planning_validator/rear_collision_checker.param.yaml:12
autoware_planning_validator_trajectory_checker,blocked_external,,False,5,autoware_planning_validator;autoware_planning_validator_test_utils,src/universe/autoware_universe/planning/planning_validator/autoware_planning_validator/design/PlanningValidator.node.yaml:46,,src/launcher/autoware_launch/.github/sync-params.yaml:377,src/launcher/autoware_launch/autoware_universe_launch/autoware_planning_config/config/scenario_planning/common/planning_validator/trajectory_checker.param.yaml:12
autoware_pointcloud_preprocessor,blocked_external,,False,12,autoware_pcl_extensions,src/universe/autoware_universe/perception/autoware_euclidean_cluster/launch/euclidean_cluster.launch.py:39;src/universe/autoware_universe/perception/autoware_euclidean_cluster/launch/voxel_grid_based_euclidean_cluster.launch.py:38,autoware_perception_launch;autoware_sensing_launch;awsim_sensor_kit_launch;sample_sensor_kit_launch;tier4_localization_launch,src/core/autoware_system_designer/autoware_system_design_examples/design/node/sensing/ConcatenatePointcloudDummy.node.yaml:8;src/launcher/autoware_launch/.github/sync-params.yaml:216;src/launcher/autoware_launch/.github/sync-params.yaml:219;src/launcher/autoware_launch/autoware_universe_launch/autoware_perception_launch/launch/common/pointcloud_downsample.launch.xml:14;src/launcher/autoware_launch/autoware_universe_launch/autoware_perception_launch/launch/object_recognition/detection/detector/irregular_object_detector.launch.xml:27;src/launcher/autoware_launch/autoware_universe_launch/autoware_perception_launch/launch/object_recognition/detection/filter/pointcloud_downsample_filter.launch.xml:13;src/launcher/autoware_launch/autoware_universe_launch/autoware_perception_launch/launch/object_recognition/detection/filter/pointcloud_map_filter.launch.xml:19;src/launcher/autoware_launch/autoware_universe_launch/autoware_perception_launch/launch/obstacle_segmentation/ground_segmentation_additional_lidars.launch.xml:24;src/launcher/autoware_launch/autoware_universe_launch/autoware_perception_launch/launch/obstacle_segmentation/ground_segmentation_additional_lidars.launch.xml:40;src/launcher/autoware_launch/autoware_universe_launch/autoware_perception_launch/launch/obstacle_segmentation/ground_segmentation_ransac.launch.xml:19;src/launcher/autoware_launch/autoware_universe_launch/autoware_perception_launch/launch/obstacle_segmentation/ground_segmentation_ransac.launch.xml:29;src/launcher/autoware_launch/autoware_universe_launch/autoware_perception_launch/launch/obstacle_segmentation/ground_segmentation_ransac.launch.xml:37;src/launcher/autoware_launch/autoware_universe_launch/autoware_perception_launch/launch/obstacle_segmentation/ground_segmentation_ransac.launch.xml:56;src/launcher/autoware_launch/autoware_universe_launch/autoware_perception_launch/launch/obstacle_segmentation/ground_segmentation_rule_based.launch.xml:21;src/launcher/autoware_launch/autoware_universe_launch/autoware_sensing_launch/launch/blockage_diagnostics.launch.xml:25;src/launcher/autoware_launch/autoware_universe_launch/autoware_sensing_launch/launch/pointcloud_concatenation_cpu.launch.xml:14;src/launcher/autoware_launch/autoware_universe_launch/autoware_sensing_launch/launch/pointcloud_crop_boxes.launch.xml:17;src/launcher/autoware_launch/autoware_universe_launch/autoware_sensing_launch/launch/pointcloud_crop_boxes.launch.xml:27;src/launcher/autoware_launch/autoware_universe_launch/autoware_sensing_launch/launch/pointcloud_preprocessor_cpu.launch.xml:37;src/launcher/autoware_launch/autoware_universe_launch/autoware_sensing_launch/launch/pointcloud_preprocessor_cpu.launch.xml:46;src/launcher/autoware_launch/tier4_universe_launch/tier4_localization_launch/launch/pose_twist_estimator/lidar_marker_localizer.launch.xml:23;src/launcher/autoware_launch/tier4_universe_launch/tier4_localization_launch/launch/pose_twist_estimator/lidar_marker_localizer.launch.xml:30;src/launcher/autoware_launch/tier4_universe_launch/tier4_localization_launch/launch/util/util.launch.xml:12;src/launcher/autoware_launch/tier4_universe_launch/tier4_localization_launch/launch/util/util.launch.xml:19;src/launcher/autoware_launch/tier4_universe_launch/tier4_localization_launch/launch/util/util.launch.xml:26,src/core/autoware_core/common/autoware_agnocast_wrapper/README.md:701;src/core/autoware_core/perception/autoware_ground_filter/CHANGELOG.rst:126;src/core/autoware_core/perception/autoware_ground_filter/docs/ground-filter.md:6;src/core/autoware_core/sensing/autoware_downsample_filters/CHANGELOG.rst:140;src/core/autoware_core/sensing/autoware_downsample_filters/CHANGELOG.rst:145;src/core/autoware_msgs/autoware_sensing_msgs/README.md:241;src/core/autoware_msgs/autoware_sensing_msgs/README.md:267;src/core/autoware_system_designer/tools/topology-analyzer/README.md:117;src/launcher/autoware_launch/.github/sync-params.yaml:209;src/launcher/autoware_launch/.github/sync-params.yaml:213;src/launcher/autoware_launch/autoware_launch/config/localization/ndt_scan_matcher/pointcloud_preprocessor/random_downsample_filter.param.yaml:12;src/launcher/autoware_launch/autoware_launch/config/localization/ndt_scan_matcher/pointcloud_preprocessor/voxel_grid_filter.param.yaml:12;src/launcher/autoware_launch/sensor_kit/awsim_labs_sensor_kit_launch/awsim_labs_sensor_kit_launch/CHANGELOG.rst:39;src/launcher/autoware_launch/sensor_kit/awsim_sensor_kit_launch/awsim_sensor_kit_launch/CHANGELOG.rst:37;src/launcher/autoware_launch/sensor_kit/sample_sensor_kit_launch/sample_sensor_kit_launch/CHANGELOG.rst:41
autoware_pose_covariance_modifier,blocked_external,,False,0,,,tier4_localization_launch,src/launcher/autoware_launch/tier4_universe_launch/tier4_localization_launch/launch/pose_twist_estimator/pose_twist_estimator.launch.xml:46,src/launcher/autoware_launch/tier4_universe_launch/tier4_localization_launch/CHANGELOG.rst:336
autoware_pose_estimator_arbiter,blocked_external,,False,0,,,tier4_localization_launch,src/launcher/autoware_launch/tier4_universe_launch/tier4_localization_launch/launch/pose_twist_estimator/pose_twist_estimator.launch.xml:112,
autoware_pose_instability_detector,blocked_external,,False,0,,,tier4_localization_launch,src/launcher/autoware_launch/.github/sync-params.yaml:262;src/launcher/autoware_launch/tier4_universe_launch/tier4_localization_launch/launch/pose_twist_fusion_filter/pose_twist_fusion_filter.launch.xml:39,src/launcher/autoware_launch/autoware_launch/CHANGELOG.rst:882;src/launcher/autoware_launch/autoware_launch/config/localization/pose_instability_detector.param.yaml:12;src/launcher/autoware_launch/tier4_universe_launch/tier4_localization_launch/CHANGELOG.rst:52
autoware_predicted_path_checker,blocked_external,,False,0,autoware_component_interface_specs_universe,,,src/launcher/autoware_launch/.github/sync-params.yaml:418;src/launcher/autoware_launch/autoware_universe_launch/autoware_control_launch/launch/control_checker/control_checker.launch.xml:93,src/launcher/autoware_launch/autoware_universe_launch/autoware_control_config/config/predicted_path_checker/predicted_path_checker.param.yaml:12;src/launcher/autoware_launch/autoware_universe_launch/autoware_control_launch/CHANGELOG.rst:146;src/launcher/autoware_launch/autoware_universe_launch/autoware_control_launch/CHANGELOG.rst:148;src/launcher/autoware_launch/autoware_universe_launch/autoware_control_launch/CHANGELOG.rst:149
autoware_probabilistic_occupancy_grid_map,blocked_external,,False,2,autoware_cuda_dependency_meta;autoware_cuda_utils;autoware_pointcloud_preprocessor,,autoware_launch;autoware_perception_launch,src/launcher/autoware_launch/.github/sync-params.yaml:132;src/launcher/autoware_launch/.github/sync-params.yaml:135;src/launcher/autoware_launch/.github/sync-params.yaml:138;src/launcher/autoware_launch/.github/sync-params.yaml:141;src/launcher/autoware_launch/.github/sync-params.yaml:144;src/launcher/autoware_launch/autoware_launch/launch/planning_simulator/perception_simulation.launch.xml:71;src/launcher/autoware_launch/autoware_universe_launch/autoware_perception_launch/launch/occupancy_grid_map/probabilistic_occupancy_grid_map.launch.xml:23;src/launcher/autoware_launch/autoware_universe_launch/autoware_perception_launch/launch/occupancy_grid_map/probabilistic_occupancy_grid_map.launch.xml:39;src/launcher/autoware_launch/autoware_universe_launch/autoware_perception_launch/launch/occupancy_grid_map/probabilistic_occupancy_grid_map.launch.xml:57,src/launcher/autoware_launch/autoware_launch/CHANGELOG.rst:1415;src/launcher/autoware_launch/autoware_universe_launch/autoware_perception_config/config/occupancy_grid_map/binary_bayes_filter_updater.param.yaml:12;src/launcher/autoware_launch/autoware_universe_launch/autoware_perception_config/config/occupancy_grid_map/laserscan_based_occupancy_grid_map.param.yaml:12;src/launcher/autoware_launch/autoware_universe_launch/autoware_perception_config/config/occupancy_grid_map/multi_lidar_pointcloud_based_occupancy_grid_map.param.yaml:12;src/launcher/autoware_launch/autoware_universe_launch/autoware_perception_config/config/occupancy_grid_map/pointcloud_based_occupancy_grid_map.param.yaml:12;src/launcher/autoware_launch/autoware_universe_launch/autoware_perception_config/config/occupancy_grid_map/synchronized_grid_map_fusion_node.param.yaml:12;src/launcher/autoware_launch/autoware_universe_launch/autoware_perception_launch/CHANGELOG.rst:789
autoware_processing_time_checker,blocked_external,,False,0,,,tier4_system_launch,src/launcher/autoware_launch/.github/sync-params.yaml:500;src/launcher/autoware_launch/tier4_universe_launch/tier4_system_launch/launch/system.launch.xml:93,src/launcher/autoware_launch/autoware_launch/config/system/processing_time_checker/processing_time_checker.param.yaml:12;src/launcher/autoware_launch/tier4_universe_launch/tier4_simulator_launch/CHANGELOG.rst:323;src/launcher/autoware_launch/tier4_universe_launch/tier4_simulator_launch/CHANGELOG.rst:359
autoware_ptv3,blocked_external,,False,0,autoware_cuda_dependency_meta;autoware_cuda_utils;autoware_tensorrt_common;autoware_tensorrt_plugins;perception_utils,,autoware_perception_launch,src/launcher/autoware_launch/autoware_universe_launch/autoware_perception_launch/launch/obstacle_segmentation/ground_segmentation_ml.launch.xml:16,
autoware_pure_pursuit,blocked_external,,False,3,autoware_trajectory_follower_base,,,src/launcher/autoware_launch/.github/sync-params.yaml:428,src/launcher/autoware_launch/autoware_universe_launch/autoware_control_config/config/trajectory_follower/lateral/pure_pursuit.param.yaml:12
autoware_radar_tracks_msgs_converter,blocked_external,,False,0,,,autoware_sensing_launch,src/launcher/autoware_launch/autoware_universe_launch/autoware_sensing_launch/launch/radar_tracks_postprocessor.launch.xml:22,
autoware_radar_tracks_noise_filter,blocked_external,,False,0,,,autoware_sensing_launch,src/launcher/autoware_launch/autoware_universe_launch/autoware_sensing_launch/launch/radar_tracks_postprocessor.launch.xml:14,
autoware_raindrop_cluster_filter,blocked_external,,False,0,autoware_detected_object_validation,,autoware_perception_launch,src/launcher/autoware_launch/autoware_universe_launch/autoware_perception_launch/launch/object_recognition/detection/detector/camera_lidar_detector.launch.xml:229,
autoware_raw_vehicle_cmd_converter,blocked_external,,False,3,,src/universe/autoware_universe/simulator/autoware_carla_interface/launch/autoware_carla_interface.launch.xml:108,tier4_simulator_launch;tier4_vehicle_launch,src/launcher/autoware_launch/.github/sync-params.yaml:508;src/launcher/autoware_launch/autoware_launch/config/vehicle/raw_vehicle_cmd_converter/raw_vehicle_cmd_converter.param.yaml:16;src/launcher/autoware_launch/autoware_launch/config/vehicle/raw_vehicle_cmd_converter/raw_vehicle_cmd_converter.param.yaml:17;src/launcher/autoware_launch/autoware_launch/config/vehicle/raw_vehicle_cmd_converter/raw_vehicle_cmd_converter.param.yaml:18;src/launcher/autoware_launch/tier4_universe_launch/tier4_simulator_launch/launch/simulator.launch.xml:138;src/launcher/autoware_launch/tier4_universe_launch/tier4_vehicle_launch/launch/vehicle.launch.xml:10;src/launcher/autoware_launch/vehicle/awsim_labs_vehicle_launch/awsim_labs_vehicle_launch/launch/vehicle_interface.launch.xml:13;src/tools/autoware_dependency_checker/scripts/dependency_checker.sh:17,src/core/autoware_msgs/autoware_vehicle_msgs/README.md:12;src/core/autoware_simple_planning_simulator/autoware_simple_planning_simulator/CHANGELOG.rst:22;src/core/autoware_simple_planning_simulator/autoware_simple_planning_simulator/CHANGELOG.rst:23;src/core/autoware_simple_planning_simulator/autoware_simple_planning_simulator/CHANGELOG.rst:24;src/core/autoware_simple_planning_simulator/autoware_simple_planning_simulator/CHANGELOG.rst:25;src/core/autoware_simple_planning_simulator/autoware_simple_planning_simulator/CHANGELOG.rst:30;src/launcher/autoware_launch/autoware_launch/config/vehicle/raw_vehicle_cmd_converter/raw_vehicle_cmd_converter.param.yaml:12;src/launcher/autoware_launch/tier4_universe_launch/tier4_simulator_launch/CHANGELOG.rst:63;src/launcher/autoware_launch/tier4_universe_launch/tier4_simulator_launch/CHANGELOG.rst:64;src/launcher/autoware_launch/tier4_universe_launch/tier4_simulator_launch/CHANGELOG.rst:69
autoware_remaining_distance_time_calculator,blocked_external,,False,0,,,autoware_planning_launch,src/launcher/autoware_launch/autoware_universe_launch/autoware_planning_launch/launch/planning.launch.xml:234,src/launcher/autoware_launch/autoware_universe_launch/autoware_planning_launch/CHANGELOG.rst:733
autoware_scenario_selector,blocked_external,,False,0,,,autoware_planning_launch,src/launcher/autoware_launch/autoware_universe_launch/autoware_planning_launch/launch/scenario_planning/scenario_planning.launch.xml:9,
autoware_scenario_simulator_v2_adapter,blocked_external,,False,0,,,,src/launcher/autoware_launch/tier4_universe_launch/tier4_simulator_launch/launch/simulator.launch.xml:109;src/launcher/autoware_launch/tier4_universe_launch/tier4_simulator_launch/launch/simulator.launch.xml:115,src/launcher/autoware_launch/tier4_universe_launch/tier4_simulator_launch/CHANGELOG.rst:221;src/launcher/autoware_launch/tier4_universe_launch/tier4_simulator_launch/CHANGELOG.rst:230;src/launcher/autoware_launch/tier4_universe_launch/tier4_simulator_launch/CHANGELOG.rst:231;src/launcher/autoware_launch/tier4_universe_launch/tier4_simulator_launch/CHANGELOG.rst:232;src/launcher/autoware_launch/tier4_universe_launch/tier4_simulator_launch/CHANGELOG.rst:233
autoware_shape_estimation,blocked_external,,False,3,autoware_cuda_dependency_meta;autoware_cuda_utils;autoware_tensorrt_common,,autoware_perception_launch,src/launcher/autoware_launch/autoware_universe_launch/autoware_perception_launch/launch/object_recognition/detection/detector/lidar_dnn_detector.launch.xml:130,
autoware_shift_decider,blocked_external,,False,1,,src/universe/autoware_universe/simulator/autoware_carla_interface/launch/autoware_carla_interface.launch.xml:224,autoware_control_launch,src/launcher/autoware_launch/.github/sync-params.yaml:421;src/launcher/autoware_launch/autoware_universe_launch/autoware_control_launch/launch/command_gate/command_gate.launch.xml:47,src/launcher/autoware_launch/autoware_universe_launch/autoware_control_config/config/shift_decider/shift_decider.param.yaml:12
autoware_simpl_prediction,blocked_external,,False,0,autoware_cuda_utils;autoware_tensorrt_common,,autoware_perception_launch,src/launcher/autoware_launch/autoware_universe_launch/autoware_perception_launch/launch/object_recognition/prediction/prediction.launch.xml:27,
autoware_simple_object_merger,blocked_external,,False,0,,,autoware_perception_launch,src/launcher/autoware_launch/autoware_universe_launch/autoware_perception_launch/launch/object_recognition/detection/detector/camera_vru_detector.launch.xml:78;src/launcher/autoware_launch/autoware_universe_launch/autoware_perception_launch/launch/object_recognition/detection/merger/camera_lidar_merger.launch.xml:143;src/launcher/autoware_launch/autoware_universe_launch/autoware_perception_launch/launch/object_recognition/detection/merger/camera_lidar_merger.launch.xml:144,src/launcher/autoware_launch/autoware_universe_launch/autoware_perception_launch/CHANGELOG.rst:355;src/launcher/autoware_launch/autoware_universe_launch/autoware_perception_launch/CHANGELOG.rst:404;src/launcher/autoware_launch/autoware_universe_launch/autoware_perception_launch/CHANGELOG.rst:405
autoware_smart_mpc_trajectory_follower,blocked_external,,False,0,autoware_vehicle_cmd_gate,,,src/launcher/autoware_launch/autoware_universe_launch/autoware_control_launch/launch/trajectory_follower/trajectory_follower.launch.xml:63,
autoware_spheric_collision_detector,blocked_external,,False,0,,,,.idea/workspace.xml:90,
autoware_stop_mode_operator,blocked_external,,False,0,autoware_vehicle_cmd_gate,,autoware_control_launch,src/launcher/autoware_launch/autoware_universe_launch/autoware_control_launch/launch/command_gate/command_gate.launch.xml:43,
autoware_surround_obstacle_checker,blocked_external,,False,0,autoware_obstacle_proximity_checker;autoware_universe_utils,,autoware_planning_launch,src/launcher/autoware_launch/autoware_universe_launch/autoware_planning_launch/launch/scenario_planning/lane_driving/motion_planning/motion_planning.launch.xml:222,src/launcher/autoware_launch/autoware_universe_launch/autoware_planning_launch/CHANGELOG.rst:678;src/launcher/autoware_launch/autoware_universe_launch/autoware_planning_launch/CHANGELOG.rst:679
autoware_system_monitor,blocked_external,,False,0,,,tier4_system_launch,src/launcher/autoware_launch/.github/sync-params.yaml:459;src/launcher/autoware_launch/.github/sync-params.yaml:462;src/launcher/autoware_launch/.github/sync-params.yaml:465;src/launcher/autoware_launch/.github/sync-params.yaml:468;src/launcher/autoware_launch/.github/sync-params.yaml:471;src/launcher/autoware_launch/.github/sync-params.yaml:474;src/launcher/autoware_launch/.github/sync-params.yaml:477;src/launcher/autoware_launch/.github/sync-params.yaml:480;src/launcher/autoware_launch/tier4_universe_launch/tier4_system_launch/launch/system.launch.xml:72,src/launcher/autoware_launch/autoware_launch/CHANGELOG.rst:522;src/launcher/autoware_launch/autoware_launch/CHANGELOG.rst:523;src/launcher/autoware_launch/autoware_launch/config/system/system_monitor/cpu_monitor.param.yaml:12;src/launcher/autoware_launch/autoware_launch/config/system/system_monitor/gpu_monitor.param.yaml:12;src/launcher/autoware_launch/autoware_launch/config/system/system_monitor/hdd_monitor.param.yaml:12;src/launcher/autoware_launch/autoware_launch/config/system/system_monitor/mem_monitor.param.yaml:12;src/launcher/autoware_launch/autoware_launch/config/system/system_monitor/net_monitor.param.yaml:12;src/launcher/autoware_launch/autoware_launch/config/system/system_monitor/ntp_monitor.param.yaml:12;src/launcher/autoware_launch/autoware_launch/config/system/system_monitor/process_monitor.param.yaml:12;src/launcher/autoware_launch/autoware_launch/config/system/system_monitor/voltage_monitor.param.yaml:12;src/launcher/autoware_launch/tier4_universe_launch/tier4_system_launch/CHANGELOG.rst:133;src/launcher/autoware_launch/tier4_universe_launch/tier4_system_launch/CHANGELOG.rst:136
autoware_tensorrt_bevdet,blocked_external,,False,0,,,autoware_perception_launch,src/launcher/autoware_launch/autoware_universe_launch/autoware_perception_launch/launch/object_recognition/detection/detector/camera_bev_detector.launch.xml:25,repositories/autoware.repos:96;src/core/autoware_core/packages_above.repos:31;src/universe/external/bevdet_vendor/README.md:9;src/universe/external/bevdet_vendor/doc/README_zh-CN.md:9
autoware_tensorrt_common,blocked_external,,False,20,autoware_cuda_dependency_meta,,trt_batched_nms,src/universe/external/trt_batched_nms/CMakeLists.txt:4;src/universe/external/trt_batched_nms/CMakeLists.txt:6,
autoware_tensorrt_plugins,blocked_external,,False,4,autoware_cuda_dependency_meta;autoware_cuda_utils,,,src/launcher/autoware_launch/autoware_universe_launch/autoware_perception_config/config/object_recognition/detection/lidar_model/bevfusion_camera_lidar.param.yaml:19;src/launcher/autoware_launch/autoware_universe_launch/autoware_perception_config/config/object_recognition/detection/lidar_model/bevfusion_lidar.param.yaml:19;src/launcher/autoware_launch/autoware_universe_launch/autoware_planning_config/config/neural_net_planner/diffusion_planner.param.yaml:16,
autoware_tensorrt_yolox,blocked_external,,False,1,autoware_cuda_dependency_meta;autoware_cuda_utils;autoware_image_transport_decompressor;autoware_tensorrt_common;perception_utils,,autoware_perception_launch,src/launcher/autoware_launch/.github/sync-params.yaml:152;src/launcher/autoware_launch/autoware_universe_launch/autoware_perception_launch/launch/object_recognition/detection/detector/camera_2d_detector.launch.xml:29;src/launcher/autoware_launch/autoware_universe_launch/autoware_perception_launch/launch/object_recognition/detection/detector/camera_2d_detector.launch.xml:52;src/launcher/autoware_launch/autoware_universe_launch/autoware_perception_launch/launch/object_recognition/detection/detector/camera_2d_detector.launch.xml:75;src/launcher/autoware_launch/autoware_universe_launch/autoware_perception_launch/launch/object_recognition/detection/detector/camera_2d_detector.launch.xml:98;src/launcher/autoware_launch/autoware_universe_launch/autoware_perception_launch/launch/object_recognition/detection/detector/camera_2d_detector.launch.xml:121;src/launcher/autoware_launch/autoware_universe_launch/autoware_perception_launch/launch/object_recognition/detection/detector/camera_2d_detector.launch.xml:144;src/launcher/autoware_launch/autoware_universe_launch/autoware_perception_launch/launch/object_recognition/detection/detector/camera_2d_detector.launch.xml:167;src/launcher/autoware_launch/autoware_universe_launch/autoware_perception_launch/launch/object_recognition/detection/detector/camera_2d_detector.launch.xml:190;src/launcher/autoware_launch/autoware_universe_launch/autoware_perception_launch/launch/object_recognition/detection/detector/camera_2d_detector.launch.xml:213;src/launcher/autoware_launch/autoware_universe_launch/autoware_perception_launch/launch/object_recognition/detection/detector/camera_2d_detector.launch.xml:236;src/launcher/autoware_launch/autoware_universe_launch/autoware_perception_launch/launch/traffic_light_recognition/traffic_light_detector_whole_image.launch.xml:53,src/launcher/autoware_launch/autoware_launch/CHANGELOG.rst:111;src/launcher/autoware_launch/autoware_universe_launch/autoware_perception_config/config/traffic_light_recognition/tensorrt_yolox/yolox_traffic_light_detector.param.yaml:12
autoware_tracking_object_merger,blocked_external,,False,0,,,autoware_perception_launch,src/launcher/autoware_launch/.github/sync-params.yaml:111;src/launcher/autoware_launch/.github/sync-params.yaml:114;src/launcher/autoware_launch/.github/sync-params.yaml:117;src/launcher/autoware_launch/autoware_universe_launch/autoware_perception_launch/launch/object_recognition/object_recognition_camera_lidar_radar_serial.launch.xml:410,src/launcher/autoware_launch/autoware_universe_launch/autoware_perception_config/config/object_recognition/tracking/tracking_object_merger/data_association_matrix.param.yaml:12;src/launcher/autoware_launch/autoware_universe_launch/autoware_perception_config/config/object_recognition/tracking/tracking_object_merger/decorative_tracker_merger.param.yaml:12;src/launcher/autoware_launch/autoware_universe_launch/autoware_perception_config/config/object_recognition/tracking/tracking_object_merger/decorative_tracker_merger_policy.param.yaml:12;src/launcher/autoware_launch/autoware_universe_launch/autoware_perception_launch/CHANGELOG.rst:671;src/launcher/autoware_launch/autoware_universe_launch/autoware_perception_launch/CHANGELOG.rst:908
autoware_traffic_light_arbiter,blocked_external,,False,0,,,autoware_perception_launch,src/launcher/autoware_launch/.github/sync-params.yaml:157;src/launcher/autoware_launch/autoware_universe_launch/autoware_perception_launch/launch/traffic_light_recognition/traffic_light_fusion.launch.xml:29,src/launcher/autoware_launch/autoware_launch/CHANGELOG.rst:652;src/launcher/autoware_launch/autoware_launch/CHANGELOG.rst:1519;src/launcher/autoware_launch/autoware_universe_launch/autoware_perception_config/config/traffic_light_recognition/traffic_light_arbiter/traffic_light_arbiter.param.yaml:12
autoware_traffic_light_category_merger,blocked_external,,False,0,,,autoware_perception_launch,src/launcher/autoware_launch/autoware_universe_launch/autoware_perception_launch/launch/traffic_light_recognition/traffic_light_detector_whole_image.launch.xml:101,
autoware_traffic_light_classifier,blocked_external,,False,0,autoware_cuda_dependency_meta;autoware_cuda_utils;autoware_tensorrt_classifier;autoware_tensorrt_common;autoware_traffic_light_utils,,autoware_perception_launch,src/launcher/autoware_launch/.github/sync-params.yaml:160;src/launcher/autoware_launch/.github/sync-params.yaml:163;src/launcher/autoware_launch/autoware_universe_launch/autoware_perception_launch/launch/traffic_light_recognition/traffic_light_detector_fine.launch.xml:64;src/launcher/autoware_launch/autoware_universe_launch/autoware_perception_launch/launch/traffic_light_recognition/traffic_light_detector_fine.launch.xml:76;src/launcher/autoware_launch/autoware_universe_launch/autoware_perception_launch/launch/traffic_light_recognition/traffic_light_detector_rough.launch.xml:50;src/launcher/autoware_launch/autoware_universe_launch/autoware_perception_launch/launch/traffic_light_recognition/traffic_light_detector_rough.launch.xml:62;src/launcher/autoware_launch/autoware_universe_launch/autoware_perception_launch/launch/traffic_light_recognition/traffic_light_detector_whole_image.launch.xml:77;src/launcher/autoware_launch/autoware_universe_launch/autoware_perception_launch/launch/traffic_light_recognition/traffic_light_detector_whole_image.launch.xml:89,src/launcher/autoware_launch/autoware_universe_launch/autoware_perception_config/config/traffic_light_recognition/traffic_light_classifier/car_traffic_light_classifier.param.yaml:12;src/launcher/autoware_launch/autoware_universe_launch/autoware_perception_config/config/traffic_light_recognition/traffic_light_classifier/pedestrian_traffic_light_classifier.param.yaml:12;src/launcher/autoware_launch/autoware_universe_launch/autoware_perception_launch/CHANGELOG.rst:623;src/launcher/autoware_launch/autoware_universe_launch/autoware_perception_launch/CHANGELOG.rst:624;src/launcher/autoware_launch/autoware_universe_launch/autoware_perception_launch/CHANGELOG.rst:811
autoware_traffic_light_fine_detector,blocked_external,,False,0,autoware_cuda_dependency_meta;autoware_tensorrt_yolox,,autoware_perception_launch,src/launcher/autoware_launch/.github/sync-params.yaml:166;src/launcher/autoware_launch/autoware_universe_launch/autoware_perception_launch/launch/traffic_light_recognition/traffic_light_detector_fine.launch.xml:53,src/launcher/autoware_launch/autoware_universe_launch/autoware_perception_config/config/traffic_light_recognition/traffic_light_fine_detector/traffic_light_fine_detector.param.yaml:12;src/launcher/autoware_launch/autoware_universe_launch/autoware_perception_launch/CHANGELOG.rst:808
autoware_traffic_light_map_based_detector,blocked_external,,False,0,autoware_traffic_light_utils,,autoware_perception_launch,src/launcher/autoware_launch/.github/sync-params.yaml:169;src/launcher/autoware_launch/autoware_universe_launch/autoware_perception_launch/launch/traffic_light_recognition/traffic_light_detector_fine.launch.xml:13;src/launcher/autoware_launch/autoware_universe_launch/autoware_perception_launch/launch/traffic_light_recognition/traffic_light_detector_fine.launch.xml:42;src/launcher/autoware_launch/autoware_universe_launch/autoware_perception_launch/launch/traffic_light_recognition/traffic_light_detector_rough.launch.xml:13;src/launcher/autoware_launch/autoware_universe_launch/autoware_perception_launch/launch/traffic_light_recognition/traffic_light_detector_rough.launch.xml:39;src/launcher/autoware_launch/autoware_universe_launch/autoware_perception_launch/launch/traffic_light_recognition/traffic_light_detector_whole_image.launch.xml:13;src/launcher/autoware_launch/autoware_universe_launch/autoware_perception_launch/launch/traffic_light_recognition/traffic_light_detector_whole_image.launch.xml:42,src/launcher/autoware_launch/autoware_launch/CHANGELOG.rst:1153;src/launcher/autoware_launch/autoware_universe_launch/autoware_perception_config/config/traffic_light_recognition/traffic_light_map_based_detector/base_traffic_light_map_based_detector.param.yaml:12;src/launcher/autoware_launch/autoware_universe_launch/autoware_perception_config/config/traffic_light_recognition/traffic_light_map_based_detector/extra_traffic_light_map_based_detector.param.yaml:12;src/launcher/autoware_launch/autoware_universe_launch/autoware_perception_launch/CHANGELOG.rst:610;src/launcher/autoware_launch/autoware_universe_launch/autoware_perception_launch/CHANGELOG.rst:611;src/launcher/autoware_launch/autoware_universe_launch/autoware_perception_launch/CHANGELOG.rst:812
autoware_traffic_light_multi_camera_fusion,blocked_external,,False,0,autoware_traffic_light_utils,,autoware_perception_launch,src/launcher/autoware_launch/.github/sync-params.yaml:173;src/launcher/autoware_launch/autoware_universe_launch/autoware_perception_launch/launch/traffic_light_recognition/traffic_light_fusion.launch.xml:19,src/launcher/autoware_launch/autoware_universe_launch/autoware_perception_config/config/traffic_light_recognition/traffic_light_multi_camera_fusion/traffic_light_multi_camera_fusion.param.yaml:12;src/launcher/autoware_launch/autoware_universe_launch/autoware_perception_launch/CHANGELOG.rst:809
autoware_traffic_light_occlusion_predictor,blocked_external,,False,0,autoware_traffic_light_utils;perception_utils,,autoware_perception_launch,.idea/workspace.xml:93;.idea/workspace.xml:94;src/launcher/autoware_launch/.github/sync-params.yaml:176;src/launcher/autoware_launch/autoware_universe_launch/autoware_perception_launch/launch/traffic_light_recognition/traffic_light_occlusion_predictor.launch.xml:19,src/launcher/autoware_launch/autoware_universe_launch/autoware_perception_config/config/traffic_light_recognition/traffic_light_occlusion_predictor/traffic_light_occlusion_predictor.param.yaml:12;src/launcher/autoware_launch/autoware_universe_launch/autoware_perception_launch/CHANGELOG.rst:810
autoware_traffic_light_selector,blocked_external,,False,0,,,autoware_perception_launch,src/launcher/autoware_launch/autoware_universe_launch/autoware_perception_launch/launch/traffic_light_recognition/traffic_light_detector_whole_image.launch.xml:69,src/launcher/autoware_launch/autoware_universe_launch/autoware_perception_launch/CHANGELOG.rst:422
autoware_traffic_light_utils,blocked_external,,False,31,,,autoware_planning_data_analyzer,,
autoware_traffic_light_visualization,blocked_external,,False,0,,,autoware_perception_launch,src/launcher/autoware_launch/.github/sync-params.yaml:179;src/launcher/autoware_launch/autoware_universe_launch/autoware_perception_launch/launch/traffic_light_recognition/traffic_light_detector_fine.launch.xml:88;src/launcher/autoware_launch/autoware_universe_launch/autoware_perception_launch/launch/traffic_light_recognition/traffic_light_detector_rough.launch.xml:74;src/launcher/autoware_launch/autoware_universe_launch/autoware_perception_launch/launch/traffic_light_recognition/traffic_light_detector_whole_image.launch.xml:107;src/launcher/autoware_launch/autoware_universe_launch/autoware_perception_launch/launch/traffic_light_recognition/traffic_light_fusion.launch.xml:49,src/launcher/autoware_launch/autoware_universe_launch/autoware_perception_config/config/traffic_light_recognition/traffic_light_visualization/traffic_light_roi_visualizer.param.yaml:12;src/launcher/autoware_launch/autoware_universe_launch/autoware_perception_launch/CHANGELOG.rst:813
autoware_trajectory_follower_node,blocked_external,,False,2,autoware_fake_test_node;autoware_mpc_lateral_controller;autoware_pid_longitudinal_controller;autoware_pure_pursuit;autoware_trajectory_follower_base,src/universe/autoware_universe/control/autoware_mpc_lateral_controller/schema/sub/system.json:26;src/universe/autoware_universe/simulator/autoware_carla_interface/launch/autoware_carla_interface.launch.xml:201,autoware_control_launch,src/launcher/autoware_launch/.github/sync-params.yaml:434;src/launcher/autoware_launch/autoware_universe_launch/autoware_control_launch/launch/trajectory_follower/trajectory_follower.launch.xml:36,src/launcher/autoware_launch/autoware_universe_launch/autoware_control_config/config/trajectory_follower/trajectory_follower_node.param.yaml:12
autoware_trajectory_processor,blocked_external,,False,1,autoware_obstacle_proximity_checker;autoware_path_optimizer;autoware_path_smoother;autoware_traffic_light_compliance_checker,,autoware_planning_launch,src/launcher/autoware_launch/.github/sync-params.yaml:330;src/launcher/autoware_launch/.github/sync-params.yaml:333;src/launcher/autoware_launch/.github/sync-params.yaml:336;src/launcher/autoware_launch/.github/sync-params.yaml:339;src/launcher/autoware_launch/.github/sync-params.yaml:342;src/launcher/autoware_launch/.github/sync-params.yaml:345;src/launcher/autoware_launch/.github/sync-params.yaml:348;src/launcher/autoware_launch/.github/sync-params.yaml:351;src/launcher/autoware_launch/.github/sync-params.yaml:357;src/launcher/autoware_launch/autoware_universe_launch/autoware_planning_launch/launch/learning_based_planning/diffusion_planner.launch.xml:51,src/launcher/autoware_launch/autoware_universe_launch/autoware_planning_config/config/neural_net_planner/trajectory_optimizer_plugins/trajectory_extender.param.yaml:12;src/launcher/autoware_launch/autoware_universe_launch/autoware_planning_config/config/neural_net_planner/trajectory_optimizer_plugins/trajectory_kinematic_feasibility_enforcer.param.yaml:12;src/launcher/autoware_launch/autoware_universe_launch/autoware_planning_config/config/neural_net_planner/trajectory_optimizer_plugins/trajectory_mpt_optimizer.param.yaml:12;src/launcher/autoware_launch/autoware_universe_launch/autoware_planning_config/config/neural_net_planner/trajectory_optimizer_plugins/trajectory_point_fixer.param.yaml:12;src/launcher/autoware_launch/autoware_universe_launch/autoware_planning_config/config/neural_net_planner/trajectory_optimizer_plugins/trajectory_qp_smoother.param.yaml:12;src/launcher/autoware_launch/autoware_universe_launch/autoware_planning_config/config/neural_net_planner/trajectory_optimizer_plugins/trajectory_spline_smoother.param.yaml:12;src/launcher/autoware_launch/autoware_universe_launch/autoware_planning_config/config/neural_net_planner/trajectory_optimizer_plugins/trajectory_temporal_mpt_optimizer.param.yaml:12;src/launcher/autoware_launch/autoware_universe_launch/autoware_planning_config/config/neural_net_planner/trajectory_optimizer_plugins/trajectory_velocity_optimizer.param.yaml:12;src/launcher/autoware_launch/autoware_universe_launch/autoware_planning_config/config/neural_net_planner/trajectory_processor.param.yaml:12
autoware_universe_utils,blocked_external,,False,8,,,autoware_static_centerline_generator;deviation_evaluator,src/tools/common/tier4_logging_level_configure_rviz_plugin/config/logger_config.yaml:35;src/tools/common/tier4_logging_level_configure_rviz_plugin/config/logger_config.yaml:75;src/tools/common/tier4_logging_level_configure_rviz_plugin/config/logger_config.yaml:87;src/tools/common/tier4_logging_level_configure_rviz_plugin/config/logger_config.yaml:95;src/tools/common/tier4_logging_level_configure_rviz_plugin/config/logger_config.yaml:111;src/tools/common/tier4_logging_level_configure_rviz_plugin/config/logger_config.yaml:119;src/tools/common/tier4_logging_level_configure_rviz_plugin/config/logger_config.yaml:127;src/tools/common/tier4_logging_level_configure_rviz_plugin/config/logger_config.yaml:134;src/tools/common/tier4_logging_level_configure_rviz_plugin/config/logger_config.yaml:136;src/tools/common/tier4_logging_level_configure_rviz_plugin/config/logger_config.yaml:138;src/tools/common/tier4_logging_level_configure_rviz_plugin/config/logger_config.yaml:140;src/tools/common/tier4_logging_level_configure_rviz_plugin/config/logger_config.yaml:142;src/tools/common/tier4_logging_level_configure_rviz_plugin/config/logger_config.yaml:144;src/tools/common/tier4_logging_level_configure_rviz_plugin/config/logger_config.yaml:146;src/tools/common/tier4_logging_level_configure_rviz_plugin/config/logger_config.yaml:148,src/core/autoware_core/common/autoware_component_interface_utils/include/autoware/component_interface_utils/rclcpp/create_interface.hpp:99;src/core/autoware_core/planning/motion_velocity_planner/autoware_motion_velocity_planner/CHANGELOG.rst:145;src/core/autoware_core/planning/motion_velocity_planner/autoware_motion_velocity_planner/CHANGELOG.rst:148;src/core/autoware_core/planning/motion_velocity_planner/autoware_motion_velocity_planner/CHANGELOG.rst:152;src/core/autoware_core/planning/motion_velocity_planner/autoware_motion_velocity_planner/CHANGELOG.rst:155;src/core/autoware_core/planning/motion_velocity_planner/autoware_motion_velocity_planner_common/CHANGELOG.rst:164;src/core/autoware_core/planning/motion_velocity_planner/autoware_motion_velocity_planner_common/CHANGELOG.rst:167;src/core/autoware_core/planning/motion_velocity_planner/autoware_motion_velocity_planner_common/CHANGELOG.rst:171;src/core/autoware_core/planning/motion_velocity_planner/autoware_motion_velocity_planner_common/CHANGELOG.rst:174;src/core/autoware_simple_planning_simulator/autoware_dummy_perception_publisher/CHANGELOG.rst:334;src/core/autoware_simple_planning_simulator/autoware_dummy_perception_publisher/CHANGELOG.rst:410;src/core/autoware_simple_planning_simulator/autoware_simple_planning_simulator/CHANGELOG.rst:130;src/core/autoware_simple_planning_simulator/autoware_simple_planning_simulator/CHANGELOG.rst:267;src/core/autoware_utils/autoware_utils/CHANGELOG.rst:138;src/core/autoware_utils/autoware_utils/CHANGELOG.rst:143;src/tools/common/tier4_automatic_goal_rviz_plugin/CHANGELOG.rst:7;src/tools/common/tier4_automatic_goal_rviz_plugin/CHANGELOG.rst:37;src/tools/common/tier4_control_rviz_plugin/CHANGELOG.rst:32;src/tools/common/tier4_control_rviz_plugin/CHANGELOG.rst:38;src/tools/common/tier4_debug_tools/CHANGELOG.rst:7;src/tools/common/tier4_debug_tools/CHANGELOG.rst:36;src/tools/common/tier4_logging_level_configure_rviz_plugin/CHANGELOG.rst:36;src/tools/common/tier4_logging_level_configure_rviz_plugin/README.md:19;src/tools/driving_environment_analyzer/CHANGELOG.rst:33;src/tools/driving_environment_analyzer/CHANGELOG.rst:59;src/tools/localization/deviation_estimation_tools/deviation_estimator/CHANGELOG.rst:53;src/tools/localization/deviation_estimation_tools/deviation_estimator/include/deviation_estimator/autoware_universe_utils.hpp:24;src/tools/localization/deviation_estimation_tools/deviation_estimator/include/deviation_estimator/utils.hpp:18;src/tools/localization/deviation_estimation_tools/deviation_evaluator/CHANGELOG.rst:58;src/tools/localization/deviation_estimation_tools/deviation_evaluator/include/deviation_evaluator/autoware_universe_utils.hpp:24;src/tools/localization/deviation_estimation_tools/deviation_evaluator/include/deviation_evaluator/deviation_evaluator.hpp:19;src/tools/planning/planning_debug_tools/CHANGELOG.rst:7;src/tools/planning/planning_debug_tools/CHANGELOG.rst:1334;src/tools/vehicle/pitch_checker/CHANGELOG.rst:31
autoware_vehicle_cmd_gate,blocked_external,,False,4,autoware_component_interface_specs_universe;tier4_api_utils,src/universe/autoware_universe/simulator/autoware_carla_interface/launch/autoware_carla_interface.launch.xml:245,autoware_control_launch,src/launcher/autoware_launch/.github/sync-params.yaml:437;src/launcher/autoware_launch/autoware_universe_launch/autoware_control_launch/launch/command_gate/command_gate.launch.xml:59,src/launcher/autoware_launch/autoware_launch/CHANGELOG.rst:835;src/launcher/autoware_launch/autoware_universe_launch/autoware_control_config/config/vehicle_cmd_gate/vehicle_cmd_gate.param.yaml:12
autoware_vehicle_door_simulator,blocked_external,,False,0,,,tier4_simulator_launch,src/launcher/autoware_launch/tier4_universe_launch/tier4_simulator_launch/launch/simulator.launch.xml:103,
autoware_velodyne_monitor,blocked_external,,False,0,,,autoware_sensor_driver_launch,src/launcher/autoware_launch/autoware_universe_launch/autoware_sensor_driver_launch/launch/velodyne_VLP16.launch.xml:37;src/launcher/autoware_launch/autoware_universe_launch/autoware_sensor_driver_launch/launch/velodyne_VLS128.launch.xml:37,src/launcher/autoware_launch/autoware_universe_launch/autoware_sensor_driver_launch/CHANGELOG.rst:93
tier4_camera_view_rviz_plugin,blocked_external,,False,0,,,,src/launcher/autoware_launch/autoware_launch/rviz/perception.rviz:4254;src/launcher/autoware_launch/autoware_launch/rviz/perception.rviz:4255;src/launcher/autoware_launch/autoware_launch/rviz/perception.rviz:4260;src/launcher/autoware_launch/autoware_launch/rviz/perception.rviz:4261;src/launcher/autoware_launch/autoware_launch/rviz/perception.rviz:4271;src/launcher/autoware_launch/autoware_launch/rviz/perception.rviz:4289;src/launcher/autoware_launch/autoware_launch/rviz/planning_bev.rviz:4214;src/launcher/autoware_launch/autoware_launch/rviz/planning_bev.rviz:4215;src/launcher/autoware_launch/autoware_launch/rviz/planning_bev.rviz:4220;src/launcher/autoware_launch/autoware_launch/rviz/planning_bev.rviz:4221;src/launcher/autoware_launch/autoware_launch/rviz/planning_bev.rviz:4237;src/launcher/autoware_launch/autoware_launch/rviz/planning_bev.rviz:4255;src/launcher/autoware_launch/autoware_launch/rviz/planning_tpv.rviz:4214;src/launcher/autoware_launch/autoware_launch/rviz/planning_tpv.rviz:4215;src/launcher/autoware_launch/autoware_launch/rviz/planning_tpv.rviz:4220;src/launcher/autoware_launch/autoware_launch/rviz/planning_tpv.rviz:4221;src/launcher/autoware_launch/autoware_launch/rviz/planning_tpv.rviz:4231;src/launcher/autoware_launch/autoware_launch/rviz/planning_tpv.rviz:4249,
tier4_planning_factor_rviz_plugin,blocked_external,,False,0,,,,src/launcher/autoware_launch/autoware_launch/rviz/autoware.rviz:1741;src/launcher/autoware_launch/autoware_launch/rviz/autoware.rviz:1755;src/launcher/autoware_launch/autoware_launch/rviz/autoware.rviz:1769;src/launcher/autoware_launch/autoware_launch/rviz/autoware.rviz:1783;src/launcher/autoware_launch/autoware_launch/rviz/autoware.rviz:1797;src/launcher/autoware_launch/autoware_launch/rviz/autoware.rviz:1811;src/launcher/autoware_launch/autoware_launch/rviz/autoware.rviz:1825;src/launcher/autoware_launch/autoware_launch/rviz/autoware.rviz:1839;src/launcher/autoware_launch/autoware_launch/rviz/autoware.rviz:1853;src/launcher/autoware_launch/autoware_launch/rviz/autoware.rviz:1867;src/launcher/autoware_launch/autoware_launch/rviz/autoware.rviz:1881;src/launcher/autoware_launch/autoware_launch/rviz/autoware.rviz:1895;src/launcher/autoware_launch/autoware_launch/rviz/autoware.rviz:1909;src/launcher/autoware_launch/autoware_launch/rviz/autoware.rviz:1923;src/launcher/autoware_launch/autoware_launch/rviz/autoware.rviz:1937;src/launcher/autoware_launch/autoware_launch/rviz/autoware.rviz:1951;src/launcher/autoware_launch/autoware_launch/rviz/autoware.rviz:1965;src/launcher/autoware_launch/autoware_launch/rviz/autoware.rviz:1979;src/launcher/autoware_launch/autoware_launch/rviz/autoware.rviz:1993;src/launcher/autoware_launch/autoware_launch/rviz/autoware.rviz:2007;src/launcher/autoware_launch/autoware_launch/rviz/autoware.rviz:2021;src/launcher/autoware_launch/autoware_launch/rviz/autoware.rviz:2035;src/launcher/autoware_launch/autoware_launch/rviz/autoware.rviz:2049;src/launcher/autoware_launch/autoware_launch/rviz/autoware.rviz:2063;src/launcher/autoware_launch/autoware_launch/rviz/autoware.rviz:2077;src/launcher/autoware_launch/autoware_launch/rviz/autoware.rviz:2091;src/launcher/autoware_launch/autoware_launch/rviz/autoware.rviz:2176;src/launcher/autoware_launch/autoware_launch/rviz/autoware.rviz:2190;src/launcher/autoware_launch/autoware_launch/rviz/autoware.rviz:2204;src/launcher/autoware_launch/autoware_launch/rviz/autoware.rviz:2218;src/launcher/autoware_launch/autoware_launch/rviz/autoware.rviz:2232;src/launcher/autoware_launch/autoware_launch/rviz/autoware.rviz:2246;src/launcher/autoware_launch/autoware_launch/rviz/autoware.rviz:2260;src/launcher/autoware_launch/autoware_launch/rviz/autoware.rviz:2274;src/launcher/autoware_launch/autoware_launch/rviz/autoware.rviz:2390;src/launcher/autoware_launch/autoware_launch/rviz/autoware.rviz:2520;src/launcher/autoware_launch/autoware_launch/rviz/autoware.rviz:2534;src/launcher/autoware_launch/autoware_launch/rviz/planning_bev.rviz:1773;src/launcher/autoware_launch/autoware_launch/rviz/planning_bev.rviz:1787;src/launcher/autoware_launch/autoware_launch/rviz/planning_bev.rviz:1801;src/launcher/autoware_launch/autoware_launch/rviz/planning_bev.rviz:1815;src/launcher/autoware_launch/autoware_launch/rviz/planning_bev.rviz:1829;src/launcher/autoware_launch/autoware_launch/rviz/planning_bev.rviz:1843;src/launcher/autoware_launch/autoware_launch/rviz/planning_bev.rviz:1857;src/launcher/autoware_launch/autoware_launch/rviz/planning_bev.rviz:1871;src/launcher/autoware_launch/autoware_launch/rviz/planning_bev.rviz:1885;src/launcher/autoware_launch/autoware_launch/rviz/planning_bev.rviz:1899;src/launcher/autoware_launch/autoware_launch/rviz/planning_bev.rviz:1913;src/launcher/autoware_launch/autoware_launch/rviz/planning_bev.rviz:1927;src/launcher/autoware_launch/autoware_launch/rviz/planning_bev.rviz:1941;src/launcher/autoware_launch/autoware_launch/rviz/planning_bev.rviz:1955;src/launcher/autoware_launch/autoware_launch/rviz/planning_bev.rviz:1969;src/launcher/autoware_launch/autoware_launch/rviz/planning_bev.rviz:1983;src/launcher/autoware_launch/autoware_launch/rviz/planning_bev.rviz:1997;src/launcher/autoware_launch/autoware_launch/rviz/planning_bev.rviz:2011;src/launcher/autoware_launch/autoware_launch/rviz/planning_bev.rviz:2025;src/launcher/autoware_launch/autoware_launch/rviz/planning_bev.rviz:2039;src/launcher/autoware_launch/autoware_launch/rviz/planning_bev.rviz:2053;src/launcher/autoware_launch/autoware_launch/rviz/planning_bev.rviz:2067;src/launcher/autoware_launch/autoware_launch/rviz/planning_bev.rviz:2081;src/launcher/autoware_launch/autoware_launch/rviz/planning_bev.rviz:2095;src/launcher/autoware_launch/autoware_launch/rviz/planning_bev.rviz:2109;src/launcher/autoware_launch/autoware_launch/rviz/planning_bev.rviz:2123;src/launcher/autoware_launch/autoware_launch/rviz/planning_bev.rviz:2208;src/launcher/autoware_launch/autoware_launch/rviz/planning_bev.rviz:2222;src/launcher/autoware_launch/autoware_launch/rviz/planning_bev.rviz:2236;src/launcher/autoware_launch/autoware_launch/rviz/planning_bev.rviz:2250;src/launcher/autoware_launch/autoware_launch/rviz/planning_bev.rviz:2264;src/launcher/autoware_launch/autoware_launch/rviz/planning_bev.rviz:2278;src/launcher/autoware_launch/autoware_launch/rviz/planning_bev.rviz:2292;src/launcher/autoware_launch/autoware_launch/rviz/planning_bev.rviz:2306;src/launcher/autoware_launch/autoware_launch/rviz/planning_bev.rviz:2422;src/launcher/autoware_launch/autoware_launch/rviz/planning_bev.rviz:2552;src/launcher/autoware_launch/autoware_launch/rviz/planning_bev.rviz:2566;src/launcher/autoware_launch/autoware_launch/rviz/planning_tpv.rviz:1773;src/launcher/autoware_launch/autoware_launch/rviz/planning_tpv.rviz:1787;src/launcher/autoware_launch/autoware_launch/rviz/planning_tpv.rviz:1801;src/launcher/autoware_launch/autoware_launch/rviz/planning_tpv.rviz:1815;src/launcher/autoware_launch/autoware_launch/rviz/planning_tpv.rviz:1829;src/launcher/autoware_launch/autoware_launch/rviz/planning_tpv.rviz:1843;src/launcher/autoware_launch/autoware_launch/rviz/planning_tpv.rviz:1857;src/launcher/autoware_launch/autoware_launch/rviz/planning_tpv.rviz:1871;src/launcher/autoware_launch/autoware_launch/rviz/planning_tpv.rviz:1885;src/launcher/autoware_launch/autoware_launch/rviz/planning_tpv.rviz:1899;src/launcher/autoware_launch/autoware_launch/rviz/planning_tpv.rviz:1913;src/launcher/autoware_launch/autoware_launch/rviz/planning_tpv.rviz:1927;src/launcher/autoware_launch/autoware_launch/rviz/planning_tpv.rviz:1941;src/launcher/autoware_launch/autoware_launch/rviz/planning_tpv.rviz:1955;src/launcher/autoware_launch/autoware_launch/rviz/planning_tpv.rviz:1969;src/launcher/autoware_launch/autoware_launch/rviz/planning_tpv.rviz:1983;src/launcher/autoware_launch/autoware_launch/rviz/planning_tpv.rviz:1997;src/launcher/autoware_launch/autoware_launch/rviz/planning_tpv.rviz:2011;src/launcher/autoware_launch/autoware_launch/rviz/planning_tpv.rviz:2025;src/launcher/autoware_launch/autoware_launch/rviz/planning_tpv.rviz:2039;src/launcher/autoware_launch/autoware_launch/rviz/planning_tpv.rviz:2053;src/launcher/autoware_launch/autoware_launch/rviz/planning_tpv.rviz:2067;src/launcher/autoware_launch/autoware_launch/rviz/planning_tpv.rviz:2081;src/launcher/autoware_launch/autoware_launch/rviz/planning_tpv.rviz:2095;src/launcher/autoware_launch/autoware_launch/rviz/planning_tpv.rviz:2109;src/launcher/autoware_launch/autoware_launch/rviz/planning_tpv.rviz:2123;src/launcher/autoware_launch/autoware_launch/rviz/planning_tpv.rviz:2208;src/launcher/autoware_launch/autoware_launch/rviz/planning_tpv.rviz:2222;src/launcher/autoware_launch/autoware_launch/rviz/planning_tpv.rviz:2236;src/launcher/autoware_launch/autoware_launch/rviz/planning_tpv.rviz:2250;src/launcher/autoware_launch/autoware_launch/rviz/planning_tpv.rviz:2264;src/launcher/autoware_launch/autoware_launch/rviz/planning_tpv.rviz:2278;src/launcher/autoware_launch/autoware_launch/rviz/planning_tpv.rviz:2292;src/launcher/autoware_launch/autoware_launch/rviz/planning_tpv.rviz:2306;src/launcher/autoware_launch/autoware_launch/rviz/planning_tpv.rviz:2422;src/launcher/autoware_launch/autoware_launch/rviz/planning_tpv.rviz:2552;src/launcher/autoware_launch/autoware_launch/rviz/planning_tpv.rviz:2566;src/launcher/autoware_launch/autoware_launch/rviz/scenario_simulator.rviz:2816,
yabloc_common,blocked_external,,False,3,,,tier4_localization_launch,src/launcher/autoware_launch/.github/sync-params.yaml:228;src/launcher/autoware_launch/.github/sync-params.yaml:231;src/launcher/autoware_launch/tier4_universe_launch/tier4_localization_launch/launch/pose_twist_estimator/yabloc.launch.xml:19;src/launcher/autoware_launch/tier4_universe_launch/tier4_localization_launch/launch/pose_twist_estimator/yabloc.launch.xml:20;src/launcher/autoware_launch/tier4_universe_launch/tier4_localization_launch/launch/pose_twist_estimator/yabloc.launch.xml:52,src/launcher/autoware_launch/autoware_launch/config/localization/yabloc/ground_server.param.yaml:12;src/launcher/autoware_launch/autoware_launch/config/localization/yabloc/ll2_decomposer.param.yaml:12;src/launcher/autoware_launch/tier4_universe_launch/tier4_localization_launch/CHANGELOG.rst:1142;src/launcher/autoware_launch/tier4_universe_launch/tier4_localization_launch/CHANGELOG.rst:1155;src/launcher/autoware_launch/tier4_universe_launch/tier4_localization_launch/CHANGELOG.rst:1161;src/launcher/autoware_launch/tier4_universe_launch/tier4_localization_launch/CHANGELOG.rst:1170
yabloc_image_processing,blocked_external,,False,0,yabloc_common,,tier4_localization_launch,src/launcher/autoware_launch/.github/sync-params.yaml:234;src/launcher/autoware_launch/.github/sync-params.yaml:237;src/launcher/autoware_launch/.github/sync-params.yaml:240;src/launcher/autoware_launch/tier4_universe_launch/tier4_localization_launch/launch/pose_twist_estimator/yabloc.launch.xml:15;src/launcher/autoware_launch/tier4_universe_launch/tier4_localization_launch/launch/pose_twist_estimator/yabloc.launch.xml:16;src/launcher/autoware_launch/tier4_universe_launch/tier4_localization_launch/launch/pose_twist_estimator/yabloc.launch.xml:17;src/launcher/autoware_launch/tier4_universe_launch/tier4_localization_launch/launch/pose_twist_estimator/yabloc.launch.xml:42,src/launcher/autoware_launch/autoware_launch/config/localization/yabloc/graph_segment.param.yaml:12;src/launcher/autoware_launch/autoware_launch/config/localization/yabloc/segment_filter.param.yaml:12;src/launcher/autoware_launch/autoware_launch/config/localization/yabloc/undistort.param.yaml:12;src/launcher/autoware_launch/tier4_universe_launch/tier4_localization_launch/CHANGELOG.rst:630;src/launcher/autoware_launch/tier4_universe_launch/tier4_localization_launch/CHANGELOG.rst:1212
yabloc_monitor,blocked_external,,False,0,,,tier4_localization_launch,src/launcher/autoware_launch/tier4_universe_launch/tier4_localization_launch/launch/pose_twist_estimator/yabloc.launch.xml:60,src/launcher/autoware_launch/tier4_universe_launch/tier4_localization_launch/CHANGELOG.rst:742;src/launcher/autoware_launch/tier4_universe_launch/tier4_localization_launch/CHANGELOG.rst:743
yabloc_particle_filter,blocked_external,,False,0,yabloc_common,,tier4_localization_launch,src/launcher/autoware_launch/.github/sync-params.yaml:243;src/launcher/autoware_launch/.github/sync-params.yaml:246;src/launcher/autoware_launch/.github/sync-params.yaml:249;src/launcher/autoware_launch/tier4_universe_launch/tier4_localization_launch/launch/pose_twist_estimator/yabloc.launch.xml:11;src/launcher/autoware_launch/tier4_universe_launch/tier4_localization_launch/launch/pose_twist_estimator/yabloc.launch.xml:12;src/launcher/autoware_launch/tier4_universe_launch/tier4_localization_launch/launch/pose_twist_estimator/yabloc.launch.xml:13;src/launcher/autoware_launch/tier4_universe_launch/tier4_localization_launch/launch/pose_twist_estimator/yabloc.launch.xml:36,src/launcher/autoware_launch/autoware_launch/config/localization/yabloc/camera_particle_corrector.param.yaml:12;src/launcher/autoware_launch/autoware_launch/config/localization/yabloc/gnss_particle_corrector.param.yaml:12;src/launcher/autoware_launch/autoware_launch/config/localization/yabloc/predictor.param.yaml:12;src/launcher/autoware_launch/tier4_universe_launch/tier4_localization_launch/CHANGELOG.rst:1131;src/launcher/autoware_launch/tier4_universe_launch/tier4_localization_launch/CHANGELOG.rst:1157
yabloc_pose_initializer,blocked_external,,False,0,yabloc_common,,tier4_localization_launch,src/launcher/autoware_launch/.github/sync-params.yaml:252;src/launcher/autoware_launch/tier4_universe_launch/tier4_localization_launch/launch/pose_twist_estimator/yabloc.launch.xml:9;src/launcher/autoware_launch/tier4_universe_launch/tier4_localization_launch/launch/pose_twist_estimator/yabloc.launch.xml:30,src/launcher/autoware_launch/autoware_launch/config/localization/yabloc/camera_pose_initializer.param.yaml:12;src/launcher/autoware_launch/tier4_universe_launch/tier4_localization_launch/CHANGELOG.rst:1116;src/launcher/autoware_launch/tier4_universe_launch/tier4_localization_launch/CHANGELOG.rst:1158;src/launcher/autoware_launch/tier4_universe_launch/tier4_localization_launch/CHANGELOG.rst:1163;src/launcher/autoware_launch/tier4_universe_launch/tier4_localization_launch/CHANGELOG.rst:1185
